rank,model_3mm,n_features_3mm,model_2mm,n_features_2mm,cv_mae_3mm,cv_mae_2mm,feasible,q2,q0,margin2_GPR3mm,margin2_GPR2mm,margin0_GPR3mm,margin0_GPR2mm,score,f1_2,f1_0,recall_2,precision_2,recall_0,precision_0,overall_accuracy,autopass_rate,replan_rate,manual_rate
1,XGBoost,15,SVR,10,0.5173,2.3142,True,0.3,0.45,-0.2876,-1.178,0.0635,-0.2563,1.4371,0.7965,0.6406,0.8839,0.7249,0.5467,0.7736,0.7,0.6097,0.0855,0.3048
2,RandomForest,5,SVR,10,0.5325,2.3142,True,0.3,0.15,-0.3077,-1.178,-0.4771,-2.615,1.4269,0.7948,0.6321,0.8871,0.7199,0.8133,0.5169,0.6565,0.6161,0.1903,0.1935
3,XGBoost,5,SVR,10,0.5221,2.3142,True,0.3,0.2,-0.2333,-1.178,-0.3338,-2.1021,1.4158,0.7959,0.6199,0.8871,0.7218,0.7067,0.5521,0.6677,0.6145,0.1548,0.2306
4,RandomForest,10,SVR,10,0.5287,2.3142,True,0.3,0.25,-0.3483,-1.178,-0.1952,-1.6001,1.4145,0.7971,0.6174,0.8806,0.728,0.6133,0.6216,0.6839,0.6048,0.1194,0.2758
5,XGBoost,10,SVR,10,0.5293,2.3142,True,0.3,0.5,-0.2739,-1.178,0.0786,0.0143,1.4125,0.7959,0.6165,0.8806,0.7261,0.5467,0.7069,0.6919,0.6065,0.0935,0.3
6,MLP,15,SVR,10,0.6928,2.3142,True,0.3,0.4,-0.4262,-1.178,-0.0979,-0.5001,1.3868,0.7733,0.6135,0.8419,0.7151,0.6667,0.5682,0.6516,0.5887,0.1419,0.2694
7,RandomForest,15,SVR,10,0.5575,2.3142,True,0.3,0.3,-0.358,-1.178,-0.0807,-1.0576,1.3663,0.7971,0.5692,0.8806,0.728,0.4933,0.6727,0.6855,0.6048,0.0887,0.3065
8,RandomForest,10,SVR,5,0.5287,2.3159,True,0.45,0.3,-0.1866,-0.1921,-0.0705,-1.0844,1.3642,0.7445,0.6197,0.7613,0.7284,0.5867,0.6567,0.6516,0.5226,0.1081,0.3694
9,RandomForest,5,SVR,5,0.5325,2.3159,True,0.45,0.15,-0.1703,-0.1921,-0.4771,-2.9124,1.3633,0.7429,0.6203,0.7645,0.7226,0.7733,0.5179,0.621,0.529,0.1806,0.2903
10,XGBoost,15,SVR,5,0.5173,2.3159,True,0.5,0.45,-0.1038,0.0274,0.0635,-0.2792,1.3558,0.7329,0.623,0.7258,0.7401,0.5067,0.8085,0.6613,0.4903,0.0758,0.4339
11,XGBoost,5,SVR,5,0.5221,2.3159,True,0.45,0.15,-0.0945,-0.1921,-0.4424,-2.9124,1.3487,0.7429,0.6057,0.7645,0.7226,0.7067,0.53,0.6242,0.529,0.1613,0.3097
12,MLP,10,SVR,10,0.6694,2.3142,True,0.3,0.55,-0.3689,-1.178,0.1556,0.3053,1.328,0.7812,0.5468,0.8581,0.717,0.5067,0.5938,0.6581,0.5984,0.1032,0.2984
13,MLP,5,SVR,10,0.6296,2.3142,True,0.3,0.3,-0.3624,-1.178,-0.1873,-1.0576,1.3271,0.7865,0.5405,0.8677,0.7193,0.5333,0.5479,0.6548,0.6032,0.1177,0.279
14,SVR,10,SVR,10,0.6033,2.3142,True,0.3,0.65,-0.257,-1.178,0.1919,0.9122,1.3263,0.7959,0.5303,0.8871,0.7218,0.4667,0.614,0.6726,0.6145,0.0919,0.2935
15,RandomForest,15,SVR,5,0.5575,2.3159,True,0.45,0.3,-0.2039,-0.1921,-0.0807,-1.0844,1.3258,0.7457,0.5802,0.7613,0.7307,0.5067,0.6786,0.6516,0.521,0.0903,0.3887
16,SVR,15,SVR,10,0.604,2.3142,True,0.3,0.45,-0.3551,-1.178,0.0202,-0.2563,1.3226,0.7971,0.5255,0.8871,0.7237,0.48,0.5806,0.6694,0.6129,0.1,0.2871
17,XGBoost,10,SVR,5,0.5293,2.3159,True,0.45,0.55,-0.1298,-0.1921,0.1298,0.1921,1.3223,0.7417,0.5806,0.7548,0.729,0.48,0.7347,0.6532,0.5177,0.079,0.4032
18,Ridge,10,SVR,10,0.8846,2.3142,True,0.3,0.4,-0.6286,-1.178,0.0274,-0.5001,1.3021,0.7959,0.5062,0.8806,0.7261,0.5467,0.4713,0.6452,0.6065,0.1403,0.2532
19,SVR,5,SVR,10,0.5823,2.3142,True,0.3,0.7,-0.2006,-1.178,0.2006,1.178,1.2944,0.7983,0.4961,0.8935,0.7214,0.4267,0.5926,0.6694,0.6194,0.0871,0.2935
20,SVR,15,SVR,5,0.604,2.3159,True,0.45,0.75,-0.1563,-0.1921,0.4253,1.229,1.2891,0.7453,0.5439,0.7645,0.727,0.4133,0.7949,0.6548,0.5258,0.0629,0.4113
21,Ridge,5,SVR,10,0.9306,2.3142,True,0.3,0.45,-0.6705,-1.178,0.2604,-0.2563,1.2843,0.7913,0.493,0.8806,0.7184,0.4667,0.5224,0.6516,0.6129,0.1081,0.279
22,SVR,10,SVR,5,0.6033,2.3159,True,0.45,0.7,-0.0888,-0.1921,0.257,0.9236,1.2842,0.7402,0.544,0.7581,0.7231,0.4533,0.68,0.6419,0.5242,0.0806,0.3952
23,MLP,10,SVR,5,0.6694,2.3159,True,0.45,0.7,-0.1556,-0.1921,0.3689,0.9236,1.283,0.733,0.55,0.7484,0.7183,0.44,0.7333,0.6403,0.521,0.0726,0.4065
24,Ridge,15,SVR,10,0.9528,2.3142,True,0.3,0.5,-0.6812,-1.178,0.2577,0.0143,1.2674,0.7942,0.4733,0.8774,0.7253,0.4133,0.5536,0.6613,0.6048,0.0903,0.3048
25,MLP,5,SVR,5,0.6296,2.3159,True,0.55,0.75,-0.0792,0.2792,0.4204,1.229,1.2447,0.6827,0.562,0.6419,0.7289,0.4533,0.7391,0.6161,0.4403,0.0742,0.4855
26,Ridge,5,SVR,5,0.9306,2.3159,True,0.45,0.5,-0.4108,-0.1921,0.3236,-0.0274,1.2444,0.7258,0.5185,0.7387,0.7134,0.4667,0.5833,0.6161,0.5177,0.0968,0.3855
27,MLP,15,SVR,5,0.6928,2.3159,True,0.6,0.35,0.0979,0.5277,-0.1688,-0.8335,1.2087,0.6269,0.5818,0.5419,0.7434,0.64,0.5333,0.5661,0.3645,0.1452,0.4903
28,RandomForest,10,XGBoost,10,0.5287,2.1723,True,0.75,0.25,0.1952,1.2966,-0.1952,-1.2966,1.1971,0.5523,0.6447,0.4,0.8921,0.6533,0.6364,0.5887,0.2242,0.1242,0.6516
29,XGBoost,15,XGBoost,10,0.5173,2.1723,True,0.75,0.55,0.1577,1.2966,0.1521,0.5518,1.1688,0.5459,0.623,0.3935,0.8905,0.5067,0.8085,0.5984,0.221,0.0758,0.7032
30,RandomForest,5,XGBoost,10,0.5325,2.1723,True,0.75,0.15,0.2481,1.2966,-0.4771,-2.1848,1.1669,0.5491,0.6178,0.3968,0.8913,0.7867,0.5086,0.5565,0.2226,0.1871,0.5903
31,Ridge,10,SVR,5,0.8846,2.3159,True,0.55,0.5,-0.1401,0.2792,0.2689,-0.0274,1.1489,0.6526,0.4964,0.5968,0.7198,0.4533,0.5484,0.571,0.4145,0.1,0.4855
32,RandomForest,10,SVR,15,0.5287,2.1783,True,0.75,0.15,0.1952,0.9833,-0.4392,-2.3998,1.1486,0.5603,0.5882,0.4194,0.8442,0.7333,0.4911,0.5468,0.2484,0.1806,0.571
33,XGBoost,5,XGBoost,10,0.5221,2.1723,True,0.75,0.2,0.24,1.2966,-0.3338,-1.6422,1.1478,0.536,0.6118,0.3839,0.8881,0.6933,0.5474,0.5613,0.2161,0.1532,0.6306
34,XGBoost,10,XGBoost,10,0.5293,2.1723,True,0.75,0.55,0.2022,1.2966,0.1298,0.5518,1.1285,0.5459,0.5827,0.3935,0.8905,0.4933,0.7115,0.5871,0.221,0.0839,0.6952
35,SVR,5,XGBoost,10,0.5823,2.1723,True,0.75,0.95,0.3896,1.2966,1.0191,4.3811,1.128,0.5418,0.5862,0.3871,0.9023,0.4533,0.8293,0.5952,0.2145,0.0661,0.7194
36,RandomForest,15,XGBoost,10,0.5575,2.1723,True,0.75,0.35,0.2057,1.2966,0.0324,-0.5098,1.1228,0.5491,0.5736,0.3968,0.8913,0.4933,0.6852,0.5855,0.2226,0.0871,0.6903
37,MLP,5,XGBoost,10,0.6296,2.1723,True,0.75,0.9,0.2942,1.2966,0.7626,3.2481,1.1133,0.5251,0.5882,0.371,0.8984,0.4667,0.7955,0.5855,0.2065,0.071,0.7226
38,SVR,10,XGBoost,10,0.6033,2.1723,True,0.75,0.65,0.3076,1.2966,0.1919,1.0047,1.1075,0.5339,0.5735,0.3806,0.8939,0.52,0.6393,0.5742,0.2129,0.0984,0.6887
39,RandomForest,10,MLP,10,0.5287,2.7967,True,0.75,0.35,0.1952,1.9736,-0.0002,-1.2626,1.1048,0.5227,0.5821,0.371,0.8846,0.52,0.661,0.571,0.2097,0.0952,0.6952
40,SVR,5,SVR,5,0.5823,2.3159,True,0.75,0.75,0.3896,1.4645,0.2711,1.229,1.1001,0.5517,0.5484,0.4129,0.8312,0.4533,0.6939,0.5742,0.2484,0.079,0.6726
41,RandomForest,10,XGBoost,5,0.5287,2.2867,True,0.75,0.3,0.1952,1.5862,-0.0705,-0.965,1.0868,0.4824,0.6043,0.3323,0.8803,0.56,0.6562,0.5548,0.1887,0.1032,0.7081
42,MLP,10,XGBoost,10,0.6694,2.1723,True,0.75,0.55,0.3101,1.2966,0.1556,0.5518,1.0797,0.5103,0.5693,0.3581,0.888,0.52,0.629,0.5613,0.2016,0.1,0.6984
43,MLP,15,XGBoost,10,0.6928,2.1723,True,0.75,0.35,0.3742,1.2966,-0.1688,-0.5098,1.0664,0.4519,0.6145,0.3032,0.8868,0.68,0.5604,0.529,0.171,0.1468,0.6823
44,SVR,15,XGBoost,10,0.604,2.1723,True,0.75,0.7,0.2896,1.2966,0.3551,1.1885,1.0539,0.4965,0.5574,0.3452,0.8843,0.4533,0.7234,0.5629,0.1952,0.0758,0.729
45,Ridge,5,XGBoost,10,0.9306,2.1723,True,0.75,0.35,0.3171,1.2966,0.0295,-0.5098,1.0049,0.463,0.5419,0.3129,0.8899,0.56,0.525,0.5226,0.1758,0.129,0.6952
46,Ridge,15,SVR,5,0.9528,2.3159,True,0.7,0.55,0.3641,1.0844,0.354,0.1921,0.9695,0.4933,0.4762,0.3581,0.7929,0.4,0.5882,0.5258,0.2258,0.0823,0.6919
47,RandomForest,15,MLP,10,0.5575,2.7967,True,0.8,0.35,0.2968,2.5943,0.0324,-1.2626,0.9583,0.4071,0.5512,0.2581,0.9639,0.4667,0.6731,0.5323,0.1339,0.0839,0.7823
48,XGBoost,15,RandomForest,5,0.5173,2.1796,True,0.8,0.45,0.2639,1.771,0.0635,0.1533,0.9449,0.3219,0.623,0.1968,0.8841,0.5067,0.8085,0.5113,0.1113,0.0758,0.8129
49,RandomForest,10,RandomForest,5,0.5287,2.1796,True,0.8,0.3,0.2711,1.771,-0.0705,-0.8357,0.9306,0.3263,0.6043,0.2,0.8857,0.56,0.6562,0.4984,0.1129,0.1032,0.7839
50,XGBoost,10,RandomForest,5,0.5293,2.1796,True,0.8,0.65,0.3108,1.771,0.2246,1.0619,0.9076,0.3175,0.5902,0.1935,0.8824,0.48,0.766,0.5032,0.1097,0.0758,0.8145
51,Ridge,10,XGBoost,10,0.8846,2.1723,True,0.75,0.35,0.5317,1.2966,-0.1392,-0.5098,0.9041,0.3618,0.5424,0.2258,0.9091,0.64,0.4706,0.471,0.1242,0.1645,0.7113
52,RandomForest,10,RandomForest,15,0.5287,2.1605,True,0.8,0.25,0.2711,1.6032,-0.1952,-1.1033,0.9021,0.2616,0.6405,0.1548,0.8421,0.6533,0.6282,0.4742,0.0919,0.1258,0.7823
53,XGBoost,5,RandomForest,5,0.5221,2.1796,True,0.8,0.15,0.3338,1.771,-0.4424,-2.3419,0.9007,0.3085,0.5922,0.1871,0.8788,0.7067,0.5096,0.4629,0.1065,0.1677,0.7258
54,MLP,10,RandomForest,5,0.6694,2.1796,True,0.8,0.85,0.4644,1.771,0.6239,2.3893,0.8987,0.3175,0.5812,0.1935,0.8824,0.4533,0.8095,0.5048,0.1097,0.0677,0.8226
55,XGBoost,15,RandomForest,15,0.5173,2.1605,True,0.8,0.2,0.2639,1.6032,-0.2639,-1.6032,0.8865,0.2568,0.6296,0.1516,0.8393,0.68,0.5862,0.4645,0.0903,0.1403,0.7694
56,SVR,10,RandomForest,5,0.6033,2.1796,True,0.8,0.85,0.5037,1.771,0.5026,2.3893,0.885,0.3183,0.5667,0.1935,0.8955,0.4533,0.7556,0.5016,0.1081,0.0726,0.8194
57,RandomForest,5,RandomForest,5,0.5325,2.1796,True,0.8,0.2,0.3451,1.771,-0.3451,-1.771,0.8807,0.3175,0.5632,0.1935,0.8824,0.6533,0.4949,0.4613,0.1097,0.1597,0.7306
58,SVR,5,RandomForest,5,0.5823,2.1796,True,0.8,0.75,0.4933,1.771,0.2711,1.51,0.8802,0.3263,0.5538,0.2,0.8857,0.48,0.6545,0.4935,0.1129,0.0887,0.7984
59,RandomForest,15,XGBoost,5,0.5575,2.2867,True,0.8,0.35,0.2968,1.9148,0.0324,-0.5338,0.8784,0.3272,0.5512,0.2,0.8986,0.4667,0.6731,0.4968,0.1113,0.0839,0.8048
60,XGBoost,5,RandomForest,15,0.5221,2.1605,True,0.8,0.2,0.3338,1.6032,-0.3338,-1.6032,0.8782,0.2473,0.631,0.1452,0.8333,0.7067,0.5699,0.4581,0.0871,0.15,0.7629
61,RandomForest,15,RandomForest,5,0.5575,2.1796,True,0.8,0.35,0.2968,1.771,0.0324,-0.3896,0.8775,0.3263,0.5512,0.2,0.8857,0.4667,0.6731,0.4952,0.1129,0.0839,0.8032
62,RandomForest,10,MLP,15,0.5287,2.8745,True,0.85,0.35,0.4392,2.9658,-0.0002,-1.0535,0.8722,0.3008,0.5714,0.1839,0.8261,0.5067,0.6552,0.4806,0.1113,0.0935,0.7952
63,MLP,15,RandomForest,5,0.6928,2.1796,True,0.8,0.45,0.519,1.771,-0.011,0.1533,0.8656,0.2725,0.5931,0.1613,0.8772,0.5733,0.6143,0.4742,0.0919,0.1129,0.7952
64,MLP,15,XGBoost,5,0.6928,2.2867,True,0.8,0.45,0.519,1.9148,-0.011,-0.0671,0.8624,0.2678,0.5946,0.1581,0.875,0.5867,0.6027,0.471,0.0903,0.1177,0.7919
65,Ridge,15,XGBoost,10,0.9528,2.1723,True,0.75,0.4,0.584,1.2966,0.0309,-0.2829,0.8603,0.3438,0.5166,0.2129,0.8919,0.52,0.5132,0.4758,0.1194,0.1226,0.7581
66,MLP,10,RandomForest,15,0.6694,2.1605,True,0.8,0.25,0.4644,1.6032,-0.3101,-1.1033,0.8557,0.2568,0.5989,0.1516,0.8393,0.7067,0.5196,0.4468,0.0903,0.1645,0.7452
67,RandomForest,5,RandomForest,15,0.5325,2.1605,True,0.8,0.2,0.3451,1.6032,-0.3451,-1.6032,0.8521,0.2521,0.6,0.1484,0.8364,0.72,0.5143,0.4435,0.0887,0.1694,0.7419
68,SVR,15,RandomForest,5,0.604,2.1796,True,0.8,0.8,0.4077,1.771,0.5002,1.8498,0.8466,0.2949,0.5517,0.1774,0.873,0.4267,0.7805,0.4919,0.1016,0.0661,0.8323
69,RandomForest,10,RandomForest,10,0.5287,2.1363,True,0.8,0.25,0.2711,1.7425,-0.1952,-1.1658,0.8375,0.2017,0.6358,0.1129,0.9459,0.64,0.6316,0.4645,0.0597,0.1226,0.8177
70,RandomForest,5,RandomForest,10,0.5325,2.1363,True,0.8,0.15,0.3451,1.7425,-0.4771,-2.2004,0.8338,0.1913,0.6425,0.1065,0.9429,0.8267,0.5254,0.4387,0.0565,0.1903,0.7532
71,XGBoost,10,RandomForest,15,0.5293,2.1605,True,0.8,0.15,0.3108,1.6032,-0.452,-2.1244,0.8331,0.2568,0.5763,0.1516,0.8393,0.68,0.5,0.4403,0.0903,0.1645,0.7452
72,XGBoost,15,RandomForest,10,0.5173,2.1363,True,0.8,0.2,0.2639,1.7425,-0.2639,-1.7425,0.8314,0.2017,0.6296,0.1129,0.9459,0.68,0.5862,0.4565,0.0597,0.1403,0.8
73,MLP,5,RandomForest,5,0.6296,2.1796,True,0.8,0.85,0.4574,1.771,0.619,2.3893,0.829,0.267,0.562,0.1581,0.8596,0.4533,0.7391,0.4806,0.0919,0.0742,0.8339
74,MLP,15,RandomForest,15,0.6928,2.1605,True,0.8,0.3,0.519,1.6032,-0.2414,-0.6083,0.828,0.2179,0.6102,0.1258,0.8125,0.72,0.5294,0.4371,0.0774,0.1645,0.7581
75,RandomForest,15,RandomForest,15,0.5575,2.1605,True,0.8,0.35,0.2968,1.6032,0.0324,-0.2078,0.8241,0.2616,0.5625,0.1548,0.8421,0.48,0.6792,0.4726,0.0919,0.0855,0.8226
76,XGBoost,5,RandomForest,10,0.5221,2.1363,True,0.8,0.2,0.3338,1.7425,-0.3338,-1.7425,0.8117,0.1808,0.631,0.1,0.9394,0.7067,0.5699,0.4468,0.0532,0.15,0.7968
77,SVR,5,RandomForest,15,0.5823,2.1605,True,0.8,0.7,0.4933,1.6032,0.2006,1.4897,0.8112,0.2616,0.5496,0.1548,0.8421,0.48,0.6429,0.4677,0.0919,0.0903,0.8177
78,XGBoost,15,SVR,15,0.5173,2.1783,True,0.85,0.45,0.4235,2.3998,0.0635,0.0469,0.807,0.1954,0.6116,0.1097,0.8947,0.4933,0.8043,0.4726,0.0613,0.0742,0.8645
79,RandomForest,5,SVR,15,0.5325,2.1783,True,0.85,0.15,0.4771,2.3998,-0.4771,-2.3998,0.8059,0.1954,0.6105,0.1097,0.8947,0.7733,0.5043,0.429,0.0613,0.1855,0.7532
80,RandomForest,10,XGBoost,15,0.5287,2.121,True,0.85,0.25,0.4392,2.2004,-0.1952,-1.1366,0.8047,0.1765,0.6282,0.0968,1.0,0.6533,0.6049,0.4548,0.0484,0.1306,0.821
81,SVR,10,RandomForest,15,0.6033,2.1605,True,0.8,0.85,0.5037,1.6032,0.5026,2.3711,0.8045,0.2527,0.5517,0.1484,0.8519,0.4267,0.7805,0.4774,0.0871,0.0661,0.8468
82,MLP,10,RandomForest,10,0.6694,2.1363,True,0.8,0.25,0.4644,1.7425,-0.3101,-1.1658,0.8029,0.2017,0.6012,0.1129,0.9459,0.6933,0.5306,0.4419,0.0597,0.1581,0.7823
83,Ridge,5,RandomForest,5,0.9306,2.1796,True,0.8,0.5,0.4638,1.771,0.3236,0.4271,0.797,0.2707,0.5263,0.1581,0.9423,0.4667,0.6034,0.4726,0.0839,0.0935,0.8226
84,XGBoost,5,SVR,15,0.5221,2.1783,True,0.85,0.15,0.4424,2.3998,-0.4424,-2.3998,0.7927,0.185,0.6077,0.1032,0.8889,0.7333,0.5189,0.4306,0.0581,0.171,0.771
85,MLP,15,RandomForest,10,0.6928,2.1363,True,0.8,0.3,0.519,1.7425,-0.2414,-0.6454,0.7909,0.1808,0.6102,0.1,0.9394,0.72,0.5294,0.4355,0.0532,0.1645,0.7823
86,XGBoost,10,SVR,15,0.5293,2.1783,True,0.85,0.45,0.452,2.3998,0.0279,0.0469,0.7833,0.2006,0.5827,0.1129,0.8974,0.4933,0.7115,0.4645,0.0629,0.0839,0.8532
87,XGBoost,10,RandomForest,10,0.5293,2.1363,True,0.8,0.15,0.3108,1.7425,-0.452,-2.2004,0.7813,0.2017,0.5795,0.1129,0.9459,0.68,0.505,0.4339,0.0597,0.1629,0.7774
88,SVR,15,RandomForest,15,0.604,2.1605,True,0.8,0.75,0.4077,1.6032,0.4253,1.7801,0.7702,0.2278,0.5424,0.1323,0.82,0.4267,0.7442,0.4645,0.0806,0.0694,0.85
89,SVR,10,RandomForest,10,0.6033,2.1363,True,0.8,0.9,0.5037,1.7425,0.7245,2.7049,0.7661,0.1971,0.569,0.1097,0.9714,0.44,0.8049,0.4726,0.0565,0.0661,0.8774
90,RandomForest,15,XGBoost,15,0.5575,2.121,True,0.85,0.3,0.5751,2.2004,-0.0807,-0.7812,0.7647,0.1765,0.5882,0.0968,1.0,0.5333,0.6557,0.4581,0.0484,0.0984,0.8532
91,RandomForest,15,RandomForest,10,0.5575,2.1363,True,0.8,0.35,0.2968,1.7425,0.0324,-0.3408,0.7642,0.2017,0.5625,0.1129,0.9459,0.48,0.6792,0.4629,0.0597,0.0855,0.8548
92,SVR,5,RandomForest,10,0.5823,2.1363,True,0.8,0.9,0.4933,1.7425,0.6316,2.7049,0.7637,0.2017,0.562,0.1129,0.9459,0.4533,0.7391,0.4677,0.0597,0.0742,0.8661
93,MLP,5,RandomForest,15,0.6296,2.1605,True,0.8,0.85,0.4574,1.6032,0.619,2.3711,0.7498,0.2028,0.547,0.1161,0.8,0.4267,0.7619,0.4581,0.0726,0.0677,0.8597
94,XGBoost,15,XGBoost,5,0.5173,2.2867,True,0.85,0.6,0.4235,2.2868,0.1896,0.6975,0.7493,0.1377,0.6116,0.0742,0.9583,0.4933,0.8043,0.4597,0.0387,0.0742,0.8871
95,Ridge,5,RandomForest,15,0.9306,2.1605,True,0.8,0.4,0.4638,1.6032,0.1627,0.1465,0.7391,0.2011,0.5379,0.1129,0.9211,0.52,0.5571,0.4435,0.0613,0.1129,0.8258
96,MLP,15,SVR,15,0.6928,2.1783,True,0.85,0.4,0.7003,2.3998,-0.0979,-0.2143,0.7302,0.1479,0.5823,0.0806,0.8929,0.6133,0.5542,0.429,0.0452,0.1339,0.821
97,MLP,5,RandomForest,10,0.6296,2.1363,True,0.8,0.9,0.4574,1.7425,0.7626,2.7049,0.7296,0.1484,0.5812,0.0806,0.9259,0.4533,0.8095,0.4581,0.0435,0.0677,0.8887
98,SVR,15,RandomForest,10,0.604,2.1363,True,0.8,0.8,0.4077,1.7425,0.5002,1.9035,0.7284,0.186,0.5424,0.1032,0.9412,0.4267,0.7442,0.4613,0.0548,0.0694,0.8758
99,RandomForest,15,SVR,15,0.5575,2.1783,True,0.85,0.35,0.5751,2.3998,0.0324,-0.4893,0.7099,0.1744,0.5354,0.0968,0.8824,0.4533,0.6538,0.4468,0.0548,0.0839,0.8613
100,XGBoost,10,XGBoost,5,0.5293,2.2867,True,0.85,0.6,0.452,2.2868,0.1774,0.6975,0.7092,0.1377,0.5714,0.0742,0.9583,0.48,0.7059,0.4484,0.0387,0.0823,0.879
101,Ridge,10,RandomForest,5,0.8846,2.1796,True,0.8,0.45,0.7029,1.771,0.1401,0.1533,0.7083,0.1813,0.527,0.1,0.9688,0.52,0.5342,0.4355,0.0516,0.1177,0.8306
102,XGBoost,5,XGBoost,5,0.5221,2.2867,True,0.85,0.2,0.4424,2.2868,-0.3338,-1.9148,0.7053,0.1321,0.5732,0.071,0.9565,0.6267,0.5281,0.421,0.0371,0.1435,0.8194
103,MLP,10,SVR,15,0.6694,2.1783,True,0.85,0.2,0.7452,2.3998,-0.4644,-1.6,0.702,0.1488,0.5532,0.0806,0.9615,0.6933,0.4602,0.4032,0.0419,0.1823,0.7758
104,SVR,15,SVR,15,0.604,2.1783,True,0.85,0.85,0.7023,2.3998,0.6383,2.4438,0.6976,0.1797,0.5179,0.1,0.8857,0.3867,0.7838,0.4565,0.0565,0.0597,0.8839
105,Ridge,5,RandomForest,10,0.9306,2.1363,True,0.8,0.35,0.4638,1.7425,0.0295,-0.3408,0.6947,0.1657,0.529,0.0903,1.0,0.5467,0.5125,0.4274,0.0452,0.129,0.8258
106,XGBoost,15,Ridge,5,0.5173,2.6041,True,0.99,0.6,6.2991,16.2508,0.1896,1.1258,0.6829,0.0,0.6829,0.0,,0.56,0.875,0.4371,0.0,0.0774,0.9226
107,XGBoost,15,Ridge,10,0.5173,2.6627,True,0.99,0.6,6.2991,14.9976,0.1896,1.057,0.6829,0.0,0.6829,0.0,,0.56,0.875,0.4371,0.0,0.0774,0.9226
108,XGBoost,15,Ridge,15,0.5173,2.7373,True,0.99,0.6,6.2991,15.3867,0.1896,1.1265,0.6829,0.0,0.6829,0.0,,0.56,0.875,0.4371,0.0,0.0774,0.9226
109,SVR,5,XGBoost,5,0.5823,2.2867,True,0.85,0.75,0.7431,2.2868,0.2711,1.5026,0.6807,0.1269,0.5538,0.0677,1.0,0.48,0.6545,0.4403,0.0339,0.0887,0.8774
110,XGBoost,15,XGBoost,15,0.5173,2.121,True,0.9,0.45,0.8528,2.6951,0.0635,0.119,0.6802,0.0503,0.6299,0.0258,1.0,0.5333,0.7692,0.4371,0.0129,0.0839,0.9032
111,MLP,15,XGBoost,15,0.6928,2.121,True,0.9,0.35,0.9704,2.6951,-0.1688,-0.3608,0.6789,0.0442,0.6347,0.0226,1.0,0.7067,0.5761,0.4129,0.0113,0.1484,0.8403
112,RandomForest,5,XGBoost,5,0.5325,2.2867,True,0.85,0.3,0.4771,2.2868,-0.1404,-0.965,0.6735,0.1208,0.5526,0.0645,0.9524,0.56,0.5455,0.421,0.0339,0.1242,0.8419
113,Ridge,15,RandomForest,5,0.9528,2.1796,True,0.8,0.5,0.7671,1.771,0.2577,0.4271,0.6724,0.1647,0.5077,0.0903,0.9333,0.44,0.6,0.4387,0.0484,0.0887,0.8629
114,XGBoost,10,MLP,10,0.5293,2.7967,True,0.9,0.5,0.7941,4.7149,0.0786,-0.1147,0.6714,0.0805,0.5909,0.0419,1.0,0.52,0.6842,0.4339,0.021,0.0919,0.8871
115,SVR,5,SVR,15,0.5823,2.1783,True,0.85,0.8,0.7431,2.3998,0.3406,1.9109,0.6653,0.1529,0.5124,0.0839,0.8667,0.4133,0.6739,0.4403,0.0484,0.0742,0.8774
116,SVR,10,XGBoost,5,0.6033,2.2867,True,0.85,0.9,0.7998,2.2868,0.7245,3.2243,0.6642,0.1155,0.5487,0.0613,1.0,0.4133,0.8158,0.4484,0.0306,0.0613,0.9081
117,XGBoost,15,MLP,15,0.5173,2.8745,True,0.9,0.45,0.8528,4.3503,0.0635,-0.226,0.6617,0.0502,0.6116,0.0258,0.8889,0.4933,0.8043,0.4355,0.0145,0.0742,0.9113
118,Ridge,10,RandomForest,15,0.8846,2.1605,True,0.8,0.35,0.7029,1.6032,-0.1392,-0.2078,0.6602,0.1261,0.5341,0.0677,0.913,0.6267,0.4653,0.3984,0.0371,0.1629,0.8
119,XGBoost,10,XGBoost,15,0.5293,2.121,True,0.9,0.5,0.7941,2.6951,0.0786,0.4014,0.6594,0.0685,0.5909,0.0355,1.0,0.52,0.6842,0.4306,0.0177,0.0919,0.8903
120,MLP,10,XGBoost,5,0.6694,2.2867,True,0.85,0.25,0.7452,2.2868,-0.3101,-1.5862,0.6593,0.0979,0.5614,0.0516,0.9412,0.64,0.5,0.4032,0.0274,0.1548,0.8177
121,RandomForest,5,Ridge,5,0.5325,2.6041,True,0.99,0.15,6.3237,16.2508,-0.4771,-2.7877,0.6562,0.0,0.6562,0.0,,0.84,0.5385,0.3935,0.0,0.1887,0.8113
122,RandomForest,5,Ridge,10,0.5325,2.6627,True,0.99,0.15,6.3237,14.9976,-0.4771,-3.212,0.6562,0.0,0.6562,0.0,,0.84,0.5385,0.3935,0.0,0.1887,0.8113
123,XGBoost,10,MLP,15,0.5293,2.8745,True,0.9,0.5,0.7941,4.3503,0.0786,-0.0071,0.6558,0.0798,0.576,0.0419,0.8125,0.48,0.72,0.4306,0.0258,0.0806,0.8935
124,XGBoost,15,MLP,10,0.5173,2.7967,True,0.9,0.55,0.8528,4.7149,0.1521,0.1757,0.6547,0.0317,0.623,0.0161,1.0,0.5067,0.8085,0.4339,0.0081,0.0758,0.9161
125,XGBoost,15,MLP,5,0.5173,2.4104,True,0.9,0.4,0.8528,3.5638,0.022,-0.3882,0.6471,0.0317,0.6154,0.0161,1.0,0.5333,0.7273,0.4274,0.0081,0.0887,0.9032
126,MLP,15,Ridge,10,0.6928,2.6627,True,0.99,0.35,4.893,14.9976,-0.1688,-0.3879,0.6467,0.0,0.6467,0.0,,0.72,0.587,0.4048,0.0,0.1484,0.8516
127,MLP,15,Ridge,15,0.6928,2.7373,True,0.99,0.35,4.893,15.3867,-0.1688,-0.2658,0.6467,0.0,0.6467,0.0,,0.72,0.587,0.4048,0.0,0.1484,0.8516
128,XGBoost,5,Ridge,5,0.5221,2.6041,True,0.99,0.2,6.5611,16.2508,-0.3338,-1.9066,0.6467,0.0,0.6467,0.0,,0.72,0.587,0.4048,0.0,0.1484,0.8516
129,XGBoost,5,Ridge,10,0.5221,2.6627,True,0.99,0.2,6.5611,14.9976,-0.3338,-1.9746,0.6467,0.0,0.6467,0.0,,0.72,0.587,0.4048,0.0,0.1484,0.8516
130,XGBoost,5,Ridge,15,0.5221,2.7373,True,0.99,0.2,6.5611,15.3867,-0.3338,-2.2275,0.6467,0.0,0.6467,0.0,,0.72,0.587,0.4048,0.0,0.1484,0.8516
131,SVR,10,SVR,15,0.6033,2.1783,True,0.85,0.2,0.7998,2.3998,-0.5037,-1.6,0.6462,0.1377,0.5085,0.0742,0.9583,0.6,0.4412,0.3952,0.0387,0.1645,0.7968
132,XGBoost,10,Ridge,5,0.5293,2.6041,True,0.99,0.65,6.0546,16.2508,0.2246,1.3575,0.6457,0.0,0.6457,0.0,,0.5467,0.7885,0.4274,0.0,0.0839,0.9161
133,XGBoost,10,Ridge,10,0.5293,2.6627,True,0.99,0.65,6.0546,14.9976,0.2246,1.3378,0.6457,0.0,0.6457,0.0,,0.5467,0.7885,0.4274,0.0,0.0839,0.9161
134,XGBoost,10,Ridge,15,0.5293,2.7373,True,0.99,0.65,6.0546,15.3867,0.2246,1.4354,0.6457,0.0,0.6457,0.0,,0.5467,0.7885,0.4274,0.0,0.0839,0.9161
135,RandomForest,10,Ridge,5,0.5287,2.6041,True,0.99,0.25,5.9261,16.2508,-0.1952,-1.1467,0.6447,0.0,0.6447,0.0,,0.6533,0.6364,0.4129,0.0,0.1242,0.8758
136,RandomForest,10,Ridge,10,0.5287,2.6627,True,0.99,0.25,5.9261,14.9976,-0.1952,-1.2706,0.6447,0.0,0.6447,0.0,,0.6533,0.6364,0.4129,0.0,0.1242,0.8758
137,RandomForest,10,Ridge,15,0.5287,2.7373,True,0.99,0.25,5.9261,15.3867,-0.1952,-1.3478,0.6447,0.0,0.6447,0.0,,0.6533,0.6364,0.4129,0.0,0.1242,0.8758
138,XGBoost,5,MLP,10,0.5221,2.7967,True,0.9,0.2,0.7797,4.7149,-0.3338,-2.5943,0.6392,0.038,0.6012,0.0194,1.0,0.6533,0.5568,0.4048,0.0097,0.1419,0.8484
139,MLP,15,MLP,15,0.6928,2.8745,True,0.9,0.35,0.9704,4.3503,-0.1688,-1.0535,0.6369,0.055,0.5818,0.029,0.5294,0.64,0.5333,0.3903,0.0274,0.1452,0.8274
140,MLP,5,XGBoost,5,0.6296,2.2867,True,0.85,0.75,0.7481,2.2868,0.4204,1.5026,0.6301,0.0805,0.5496,0.0419,1.0,0.48,0.6429,0.4258,0.021,0.0903,0.8887
141,SVR,15,XGBoost,5,0.604,2.2867,True,0.85,0.75,0.7023,2.2868,0.4253,1.5026,0.6285,0.0862,0.5424,0.0452,0.9333,0.4267,0.7442,0.4339,0.0242,0.0694,0.9065
142,RandomForest,5,MLP,5,0.5325,2.4104,True,0.99,0.15,6.3237,15.5933,-0.4771,-2.9038,0.6277,0.0,0.6277,0.0,,0.7867,0.5221,0.3871,0.0,0.1823,0.8177
143,MLP,15,Ridge,5,0.6928,2.6041,True,0.99,0.65,4.893,16.2508,0.3105,1.3575,0.6232,0.0,0.6232,0.0,,0.5733,0.6825,0.4161,0.0,0.1016,0.8984
144,Ridge,15,RandomForest,15,0.9528,2.1605,True,0.8,0.65,0.7671,1.6032,0.5888,1.2455,0.6229,0.1313,0.4915,0.071,0.88,0.3867,0.6744,0.4339,0.0403,0.0694,0.8903
145,RandomForest,5,MLP,15,0.5325,2.8745,True,0.9,0.15,0.7913,4.3503,-0.4771,-2.9658,0.6185,0.0439,0.5746,0.0226,0.7778,0.6933,0.4906,0.3839,0.0145,0.171,0.8145
146,Ridge,10,RandomForest,10,0.8846,2.1363,True,0.8,0.4,0.7029,1.7425,0.0274,0.0048,0.6171,0.0982,0.519,0.0516,1.0,0.5467,0.494,0.4032,0.0258,0.1339,0.8403
147,RandomForest,5,XGBoost,15,0.5325,2.121,True,0.9,0.25,0.7913,2.6951,-0.2481,-1.1366,0.6151,0.0255,0.5896,0.0129,1.0,0.68,0.5204,0.3919,0.0065,0.1581,0.8355
148,SVR,10,Ridge,5,0.6033,2.6041,True,0.99,0.75,4.1396,16.2508,0.3529,1.8994,0.6129,0.0,0.6129,0.0,,0.5067,0.7755,0.4226,0.0,0.079,0.921
149,RandomForest,5,Ridge,15,0.5325,2.7373,True,0.99,0.25,6.3237,15.3867,-0.2481,-1.3478,0.6127,0.0,0.6127,0.0,,0.7067,0.5408,0.3919,0.0,0.1581,0.8419
150,MLP,5,SVR,15,0.6296,2.1783,True,0.85,0.8,0.7481,2.3998,0.5086,1.9109,0.6119,0.1037,0.5082,0.0548,0.9444,0.4133,0.6596,0.429,0.029,0.0758,0.8952
151,XGBoost,5,XGBoost,15,0.5221,2.121,True,0.99,0.2,6.5611,13.7231,-0.3338,-1.6006,0.6118,0.0,0.6118,0.0,,0.6933,0.5474,0.3935,0.0,0.1532,0.8468
152,RandomForest,5,MLP,10,0.5325,2.7967,True,0.9,0.15,0.7913,4.7149,-0.4771,-3.0937,0.6106,0.0128,0.5978,0.0065,1.0,0.7333,0.5046,0.3839,0.0032,0.1758,0.821
153,MLP,10,Ridge,5,0.6694,2.6041,True,0.99,0.75,4.0299,16.2508,0.4272,1.8994,0.6066,0.0,0.6066,0.0,,0.4933,0.7872,0.4226,0.0,0.0758,0.9242
154,Ridge,15,RandomForest,10,0.9528,2.1363,True,0.8,0.4,0.7671,1.7425,0.0309,0.0048,0.6055,0.0923,0.5132,0.0484,1.0,0.52,0.5065,0.4048,0.0242,0.1242,0.8516
155,MLP,10,MLP,5,0.6694,2.4104,True,0.99,0.85,4.0299,15.5933,0.6239,2.2203,0.6034,0.0,0.6034,0.0,,0.4667,0.8537,0.4258,0.0,0.0661,0.9339
156,XGBoost,5,MLP,5,0.5221,2.4104,True,0.99,0.2,6.5611,15.5933,-0.3338,-2.2756,0.6024,0.0,0.6024,0.0,,0.6667,0.5495,0.3935,0.0,0.1468,0.8532
157,SVR,10,Ridge,15,0.6033,2.7373,True,0.99,0.65,4.1396,15.3867,0.1919,1.4354,0.6015,0.0,0.6015,0.0,,0.5333,0.6897,0.4145,0.0,0.0935,0.9065
158,MLP,5,XGBoost,15,0.6296,2.121,True,0.9,0.9,1.0327,2.6951,0.7626,3.0205,0.5947,0.0064,0.5882,0.0032,1.0,0.4667,0.7955,0.4226,0.0016,0.071,0.9274
159,MLP,15,MLP,5,0.6928,2.4104,True,0.99,0.35,4.893,15.5933,-0.1688,-0.8478,0.5939,0.0,0.5939,0.0,,0.6533,0.5444,0.3919,0.0,0.1452,0.8548
160,MLP,15,MLP,10,0.6928,2.7967,True,0.99,0.4,4.893,14.1719,-0.0979,-0.9123,0.5912,0.0,0.5912,0.0,,0.6267,0.5595,0.3952,0.0,0.1355,0.8645
161,MLP,5,MLP,5,0.6296,2.4104,True,0.9,0.85,1.0327,3.5638,0.619,2.2203,0.5891,0.0128,0.5763,0.0065,1.0,0.4533,0.7907,0.4226,0.0032,0.0694,0.9274
162,SVR,10,MLP,5,0.6033,2.4104,True,0.99,0.8,4.1396,15.5933,0.4364,1.7128,0.5882,0.0,0.5882,0.0,,0.4667,0.7955,0.421,0.0,0.071,0.929
163,SVR,5,XGBoost,15,0.5823,2.121,True,0.9,0.9,1.003,2.6951,0.6316,3.0205,0.5866,0.0128,0.5738,0.0065,1.0,0.4667,0.7447,0.4194,0.0032,0.0758,0.921
164,SVR,10,Ridge,10,0.6033,2.6627,True,0.99,0.65,4.1396,14.9976,0.1919,1.3378,0.5865,0.0,0.5865,0.0,,0.52,0.6724,0.4113,0.0,0.0935,0.9065
165,MLP,10,Ridge,10,0.6694,2.6627,True,0.99,0.55,4.0299,14.9976,0.1556,0.805,0.5857,0.0,0.5857,0.0,,0.5467,0.6308,0.4065,0.0,0.1048,0.8952
166,RandomForest,15,Ridge,5,0.5575,2.6041,True,0.99,0.35,6.2512,16.2508,0.0324,-0.0801,0.5846,0.0,0.5846,0.0,,0.5067,0.6909,0.4129,0.0,0.0887,0.9113
167,RandomForest,15,Ridge,10,0.5575,2.6627,True,0.99,0.35,6.2512,14.9976,0.0324,-0.3879,0.5846,0.0,0.5846,0.0,,0.5067,0.6909,0.4129,0.0,0.0887,0.9113
168,RandomForest,15,Ridge,15,0.5575,2.7373,True,0.99,0.35,6.2512,15.3867,0.0324,-0.2658,0.5846,0.0,0.5846,0.0,,0.5067,0.6909,0.4129,0.0,0.0887,0.9113
169,RandomForest,10,MLP,5,0.5287,2.4104,True,0.9,0.45,0.7553,3.5638,0.0927,-0.1377,0.5836,0.0191,0.5645,0.0097,0.75,0.4667,0.7143,0.4161,0.0065,0.079,0.9145
170,SVR,5,MLP,5,0.5823,2.4104,True,0.99,0.8,4.0803,15.5933,0.3406,1.7128,0.5833,0.0,0.5833,0.0,,0.4667,0.7778,0.4194,0.0,0.0726,0.9274
171,SVR,15,Ridge,5,0.604,2.6041,True,0.99,0.75,4.5371,16.2508,0.4253,1.8994,0.5833,0.0,0.5833,0.0,,0.4667,0.7778,0.4194,0.0,0.0726,0.9274
172,MLP,10,Ridge,15,0.6694,2.7373,True,0.99,0.45,4.0299,15.3867,0.0195,0.3979,0.5793,0.0,0.5793,0.0,,0.56,0.6,0.4016,0.0,0.1129,0.8871
173,MLP,5,Ridge,10,0.6296,2.6627,True,0.99,0.3,3.8404,14.9976,-0.1873,-0.8442,0.5775,0.0,0.5775,0.0,,0.5467,0.6119,0.4032,0.0,0.1081,0.8919
174,MLP,5,Ridge,15,0.6296,2.7373,True,0.99,0.3,3.8404,15.3867,-0.1873,-0.7965,0.5775,0.0,0.5775,0.0,,0.5467,0.6119,0.4032,0.0,0.1081,0.8919
175,MLP,10,XGBoost,15,0.6694,2.121,True,0.99,0.35,4.0299,13.7231,-0.1116,-0.3608,0.5752,0.0,0.5752,0.0,,0.5867,0.5641,0.3952,0.0,0.1258,0.8742
176,XGBoost,5,MLP,15,0.5221,2.8745,True,0.99,0.2,6.5611,15.3717,-0.3338,-2.2688,0.575,0.0,0.575,0.0,,0.6133,0.5412,0.3903,0.0,0.1371,0.8629
177,SVR,15,MLP,5,0.604,2.4104,True,0.99,0.8,4.5371,15.5933,0.5002,1.7128,0.5739,0.0,0.5739,0.0,,0.44,0.825,0.421,0.0,0.0645,0.9355
178,SVR,10,XGBoost,15,0.6033,2.121,True,0.99,0.85,4.1396,13.7231,0.5026,2.4776,0.5738,0.0,0.5738,0.0,,0.4667,0.7447,0.4161,0.0,0.0758,0.9242
179,XGBoost,10,MLP,5,0.5293,2.4104,True,0.99,0.5,6.0546,15.5933,0.0786,0.0303,0.5736,0.0,0.5736,0.0,,0.4933,0.6852,0.4113,0.0,0.0871,0.9129
180,SVR,15,Ridge,10,0.604,2.6627,True,0.99,0.45,4.5371,14.9976,0.0202,0.354,0.5634,0.0,0.5634,0.0,,0.5333,0.597,0.4,0.0,0.1081,0.8919
181,SVR,15,Ridge,15,0.604,2.7373,True,0.99,0.45,4.5371,15.3867,0.0202,0.3979,0.5634,0.0,0.5634,0.0,,0.5333,0.597,0.4,0.0,0.1081,0.8919
182,Ridge,10,SVR,15,0.8846,2.1783,True,0.85,0.85,0.8841,2.3998,1.0259,2.4438,0.5625,0.0625,0.5,0.0323,1.0,0.3467,0.8966,0.4323,0.0161,0.0468,0.9371
183,RandomForest,15,MLP,5,0.5575,2.4104,True,0.99,0.4,6.2512,15.5933,0.0824,-0.3882,0.562,0.0,0.562,0.0,,0.4533,0.7391,0.4145,0.0,0.0742,0.9258
184,Ridge,10,XGBoost,15,0.8846,2.121,True,0.99,0.35,4.6028,13.7231,-0.1392,-0.3608,0.56,0.0,0.56,0.0,,0.6533,0.49,0.3758,0.0,0.1613,0.8387
185,Ridge,5,XGBoost,15,0.9306,2.121,True,0.99,0.3,5.1557,13.7231,-0.1701,-0.7812,0.56,0.0,0.56,0.0,,0.6533,0.49,0.3758,0.0,0.1613,0.8387
186,SVR,15,XGBoost,15,0.604,2.121,True,0.99,0.75,4.5371,13.7231,0.4253,1.738,0.5574,0.0,0.5574,0.0,,0.4533,0.7234,0.4129,0.0,0.0758,0.9242
187,MLP,5,MLP,10,0.6296,2.7967,True,0.9,0.9,1.0327,4.7149,0.7626,3.772,0.5565,0.0255,0.531,0.0129,1.0,0.4,0.7895,0.421,0.0065,0.0613,0.9323
188,MLP,5,Ridge,5,0.6296,2.6041,True,0.99,0.3,3.8404,16.2508,-0.1873,-0.3498,0.5541,0.0,0.5541,0.0,,0.5467,0.5616,0.3935,0.0,0.1177,0.8823
189,SVR,10,MLP,10,0.6033,2.7967,True,0.9,0.9,1.0716,4.7149,0.7245,3.772,0.5456,0.0064,0.5391,0.0032,1.0,0.4133,0.775,0.4161,0.0016,0.0645,0.9339
190,Ridge,10,XGBoost,5,0.8846,2.2867,True,0.85,0.5,0.8841,2.2868,0.2689,0.1749,0.5447,0.0192,0.5255,0.0097,1.0,0.48,0.5806,0.4,0.0048,0.1,0.8952
191,MLP,10,MLP,10,0.6694,2.7967,True,0.99,0.55,4.0299,14.1719,0.1556,0.1757,0.5441,0.0,0.5441,0.0,,0.4933,0.6066,0.4,0.0,0.0984,0.9016
192,Ridge,5,XGBoost,5,0.9306,2.2867,True,0.85,0.5,0.8085,2.2868,0.3236,0.1749,0.5437,0.0064,0.5373,0.0032,1.0,0.48,0.6102,0.4016,0.0016,0.0952,0.9032
193,SVR,15,MLP,10,0.604,2.7967,True,0.99,0.85,4.5371,14.1719,0.6383,2.6998,0.5391,0.0,0.5391,0.0,,0.4133,0.775,0.4145,0.0,0.0645,0.9355
194,Ridge,15,XGBoost,5,0.9528,2.2867,True,0.85,0.4,1.0056,2.2868,0.0309,-0.2691,0.5386,0.0255,0.5132,0.0129,1.0,0.52,0.5065,0.3871,0.0065,0.1242,0.8694
195,Ridge,5,SVR,15,0.9306,2.1783,True,0.85,0.35,0.8085,2.3998,0.0295,-0.4893,0.538,0.0255,0.5125,0.0129,1.0,0.5467,0.4824,0.3806,0.0065,0.1371,0.8565
196,MLP,5,MLP,15,0.6296,2.8745,True,0.9,0.3,1.0327,4.3503,-0.1873,-1.4791,0.5376,0.0128,0.5248,0.0065,1.0,0.4933,0.5606,0.3952,0.0032,0.1065,0.8903
197,SVR,5,Ridge,5,0.5823,2.6041,True,0.99,0.6,4.0803,16.2508,0.1187,1.1258,0.5333,0.0,0.5333,0.0,,0.48,0.6,0.3984,0.0,0.0968,0.9032
198,SVR,5,Ridge,10,0.5823,2.6627,True,0.99,0.55,4.0803,14.9976,0.0912,0.805,0.5333,0.0,0.5333,0.0,,0.48,0.6,0.3984,0.0,0.0968,0.9032
199,SVR,5,Ridge,15,0.5823,2.7373,True,0.99,0.5,4.0803,15.3867,0.0403,0.6267,0.5333,0.0,0.5333,0.0,,0.48,0.6,0.3984,0.0,0.0968,0.9032
200,SVR,5,MLP,10,0.5823,2.7967,True,0.9,0.9,1.003,4.7149,0.6316,3.772,0.5327,0.0064,0.5263,0.0032,1.0,0.4,0.7692,0.4145,0.0016,0.0629,0.9355
201,SVR,5,MLP,15,0.5823,2.8745,True,0.9,0.6,1.003,4.3503,0.1187,0.761,0.5288,0.0127,0.5161,0.0065,0.4,0.4267,0.6531,0.4016,0.0081,0.079,0.9129
202,Ridge,5,MLP,5,0.9306,2.4104,True,0.99,0.5,5.1557,15.5933,0.3236,0.0303,0.5263,0.0,0.5263,0.0,,0.4667,0.6034,0.3984,0.0,0.0935,0.9065
203,Ridge,15,SVR,15,0.9528,2.1783,True,0.85,0.65,1.0056,2.3998,0.5888,1.0802,0.5219,0.0564,0.4655,0.029,1.0,0.36,0.6585,0.4145,0.0145,0.0661,0.9194
204,RandomForest,15,MLP,15,0.5575,2.8745,True,0.99,0.35,6.2512,15.3717,0.0324,-1.0535,0.5197,0.0,0.5197,0.0,,0.44,0.6346,0.4016,0.0,0.0839,0.9161
205,Ridge,10,MLP,10,0.8846,2.7967,True,0.9,0.65,1.1532,4.7149,0.5586,0.921,0.5192,0.0192,0.5,0.0097,1.0,0.3867,0.7073,0.4113,0.0048,0.0661,0.929
206,Ridge,5,Ridge,5,0.9306,2.6041,True,0.99,0.5,5.1557,16.2508,0.3236,0.7161,0.518,0.0,0.518,0.0,,0.48,0.5625,0.3919,0.0,0.1032,0.8968
207,Ridge,5,Ridge,10,0.9306,2.6627,True,0.99,0.5,5.1557,14.9976,0.3236,0.5921,0.518,0.0,0.518,0.0,,0.48,0.5625,0.3919,0.0,0.1032,0.8968
208,Ridge,5,Ridge,15,0.9306,2.7373,True,0.99,0.5,5.1557,15.3867,0.3236,0.6267,0.518,0.0,0.518,0.0,,0.48,0.5625,0.3919,0.0,0.1032,0.8968
209,Ridge,15,XGBoost,15,0.9528,2.121,True,0.99,0.4,5.4327,13.7231,0.0309,-0.0739,0.5166,0.0,0.5166,0.0,,0.52,0.5132,0.3823,0.0,0.1226,0.8774
210,MLP,10,MLP,15,0.6694,2.8745,True,0.99,0.6,4.0299,15.3717,0.234,0.761,0.5161,0.0,0.5161,0.0,,0.4267,0.6531,0.4032,0.0,0.079,0.921
211,Ridge,10,Ridge,5,0.8846,2.6041,True,0.99,0.45,4.6028,16.2508,0.1401,0.4879,0.5161,0.0,0.5161,0.0,,0.5333,0.5,0.379,0.0,0.129,0.871
212,Ridge,10,Ridge,10,0.8846,2.6627,True,0.99,0.45,4.6028,14.9976,0.1401,0.354,0.5161,0.0,0.5161,0.0,,0.5333,0.5,0.379,0.0,0.129,0.871
213,Ridge,10,Ridge,15,0.8846,2.7373,True,0.99,0.45,4.6028,15.3867,0.1401,0.3979,0.5161,0.0,0.5161,0.0,,0.5333,0.5,0.379,0.0,0.129,0.871
214,Ridge,5,MLP,15,0.9306,2.8745,True,0.9,0.5,1.1991,4.3503,0.3236,-0.0071,0.5115,0.0192,0.4923,0.0097,1.0,0.4267,0.5818,0.3984,0.0048,0.0887,0.9065
215,Ridge,15,MLP,10,0.9528,2.7967,True,0.9,0.5,1.325,4.7149,0.2577,-0.1147,0.5087,0.0317,0.4769,0.0161,1.0,0.4133,0.5636,0.3984,0.0081,0.0887,0.9032
216,SVR,15,MLP,15,0.604,2.8745,True,0.99,0.6,4.5371,15.3717,0.2163,0.761,0.5082,0.0,0.5082,0.0,,0.4133,0.6596,0.4032,0.0,0.0758,0.9242
217,Ridge,10,MLP,5,0.8846,2.4104,True,0.99,0.5,4.6028,15.5933,0.2689,0.0303,0.5072,0.0,0.5072,0.0,,0.4667,0.5556,0.3903,0.0,0.1016,0.8984
218,SVR,10,MLP,15,0.6033,2.8745,True,0.99,0.6,4.1396,15.3717,0.1395,0.761,0.5039,0.0,0.5039,0.0,,0.4267,0.6154,0.3984,0.0,0.0839,0.9161
219,Ridge,15,MLP,5,0.9528,2.4104,True,0.99,0.65,5.4327,15.5933,0.5888,0.6792,0.4957,0.0,0.4957,0.0,,0.3867,0.6905,0.4048,0.0,0.0677,0.9323
220,Ridge,15,Ridge,10,0.9528,2.6627,True,0.99,0.65,5.4327,14.9976,0.5888,1.3378,0.4957,0.0,0.4957,0.0,,0.3867,0.6905,0.4048,0.0,0.0677,0.9323
221,Ridge,15,Ridge,15,0.9528,2.7373,True,0.99,0.65,5.4327,15.3867,0.5888,1.4354,0.4957,0.0,0.4957,0.0,,0.3867,0.6905,0.4048,0.0,0.0677,0.9323
222,Ridge,15,Ridge,5,0.9528,2.6041,True,0.99,0.65,5.4327,16.2508,0.5888,1.3575,0.4915,0.0,0.4915,0.0,,0.3867,0.6744,0.4032,0.0,0.0694,0.9306
223,Ridge,5,MLP,10,0.9306,2.7967,True,0.9,0.5,1.1991,4.7149,0.3236,-0.1147,0.4913,0.0064,0.4848,0.0032,1.0,0.4267,0.5614,0.3919,0.0016,0.0919,0.9065
224,Ridge,10,MLP,15,0.8846,2.8745,True,0.99,0.5,4.6028,15.3717,0.2689,-0.0071,0.4885,0.0,0.4885,0.0,,0.4267,0.5714,0.3919,0.0,0.0903,0.9097
225,Ridge,15,MLP,15,0.9528,2.8745,True,0.99,0.5,5.4327,15.3717,0.2577,-0.0071,0.4688,0.0,0.4688,0.0,,0.4,0.566,0.3903,0.0,0.0855,0.9145
