comparison,fpr,tpr,threshold_q
class2_vs_rest,0.0,0.0,inf
class2_vs_rest,0.0,0.0032258064516129032,0.9013496413351454
class2_vs_rest,0.0,0.10967741935483871,0.8276130400963578
class2_vs_rest,0.0032258064516129032,0.10967741935483871,0.8271713311904101
class2_vs_rest,0.0032258064516129032,0.12258064516129032,0.8222547034846848
class2_vs_rest,0.0064516129032258064,0.12258064516129032,0.8222443433401669
class2_vs_rest,0.0064516129032258064,0.22258064516129034,0.7898958236411218
class2_vs_rest,0.00967741935483871,0.22258064516129034,0.7898833427394648
class2_vs_rest,0.00967741935483871,0.23870967741935484,0.7891130880759696
class2_vs_rest,0.012903225806451613,0.23870967741935484,0.7882308465548844
class2_vs_rest,0.012903225806451613,0.25483870967741934,0.7857732872221348
class2_vs_rest,0.016129032258064516,0.25483870967741934,0.7836612672019397
class2_vs_rest,0.016129032258064516,0.2709677419354839,0.7784519710879415
class2_vs_rest,0.02258064516129032,0.2709677419354839,0.7772659690298439
class2_vs_rest,0.02258064516129032,0.27741935483870966,0.7771094519216319
class2_vs_rest,0.025806451612903226,0.27741935483870966,0.7763771673641008
class2_vs_rest,0.025806451612903226,0.2806451612903226,0.7753336224345466
class2_vs_rest,0.035483870967741936,0.2806451612903226,0.7750116496438191
class2_vs_rest,0.035483870967741936,0.2870967741935484,0.7744330252123732
class2_vs_rest,0.03870967741935484,0.2870967741935484,0.7739311068533951
class2_vs_rest,0.03870967741935484,0.2903225806451613,0.7719744750468681
class2_vs_rest,0.04516129032258064,0.2903225806451613,0.7703080184626072
class2_vs_rest,0.04516129032258064,0.29354838709677417,0.7696371460312188
class2_vs_rest,0.04838709677419355,0.29354838709677417,0.7693033200986489
class2_vs_rest,0.04838709677419355,0.32903225806451614,0.7414705433522135
class2_vs_rest,0.054838709677419356,0.32903225806451614,0.7393381168503487
class2_vs_rest,0.054838709677419356,0.35161290322580646,0.7339059008177287
class2_vs_rest,0.05806451612903226,0.35161290322580646,0.7337712091396363
class2_vs_rest,0.05806451612903226,0.36129032258064514,0.731222779347493
class2_vs_rest,0.06129032258064516,0.36129032258064514,0.7311033634659849
class2_vs_rest,0.06129032258064516,0.36451612903225805,0.7309171150151537
class2_vs_rest,0.07096774193548387,0.36451612903225805,0.727556132741835
class2_vs_rest,0.07096774193548387,0.36774193548387096,0.7268534493523027
class2_vs_rest,0.07419354838709677,0.36774193548387096,0.726836957685116
class2_vs_rest,0.07419354838709677,0.3870967741935484,0.7258302609336984
class2_vs_rest,0.07741935483870968,0.3870967741935484,0.7255186430057351
class2_vs_rest,0.07741935483870968,0.3903225806451613,0.723323368206622
class2_vs_rest,0.08064516129032258,0.3903225806451613,0.7229328468835834
class2_vs_rest,0.08064516129032258,0.3967741935483871,0.7222774928972667
class2_vs_rest,0.08387096774193549,0.3967741935483871,0.7222308330869633
class2_vs_rest,0.08387096774193549,0.4129032258064516,0.7190024970781526
class2_vs_rest,0.09032258064516129,0.4129032258064516,0.718800914949513
class2_vs_rest,0.09032258064516129,0.4290322580645161,0.7170321874340934
class2_vs_rest,0.0935483870967742,0.4290322580645161,0.7165293738039774
class2_vs_rest,0.0935483870967742,0.43548387096774194,0.7135412905239736
class2_vs_rest,0.0967741935483871,0.43548387096774194,0.7114817314147956
class2_vs_rest,0.0967741935483871,0.44193548387096776,0.710313045776092
class2_vs_rest,0.1,0.44193548387096776,0.7088029363868691
class2_vs_rest,0.1,0.4483870967741935,0.7022566334085324
class2_vs_rest,0.1032258064516129,0.4483870967741935,0.6981240961891939
class2_vs_rest,0.1032258064516129,0.45806451612903226,0.6978165465576929
class2_vs_rest,0.10967741935483871,0.45806451612903226,0.6974835517858182
class2_vs_rest,0.10967741935483871,0.4612903225806452,0.6974218766219432
class2_vs_rest,0.11290322580645161,0.4612903225806452,0.6968814047578082
class2_vs_rest,0.11290322580645161,0.46774193548387094,0.6963861819170228
class2_vs_rest,0.11935483870967742,0.46774193548387094,0.6961677676938295
class2_vs_rest,0.11935483870967742,0.47096774193548385,0.6951658820382688
class2_vs_rest,0.12258064516129032,0.47096774193548385,0.6948269458508598
class2_vs_rest,0.12258064516129032,0.49032258064516127,0.6817521566164819
class2_vs_rest,0.12580645161290321,0.49032258064516127,0.6782618946534347
class2_vs_rest,0.12580645161290321,0.4935483870967742,0.6735228495899226
class2_vs_rest,0.13225806451612904,0.4935483870967742,0.6665618354608819
class2_vs_rest,0.13225806451612904,0.5032258064516129,0.6519524152922185
class2_vs_rest,0.13548387096774195,0.5032258064516129,0.6518928817061016
class2_vs_rest,0.13548387096774195,0.5225806451612903,0.6418706097070535
class2_vs_rest,0.14193548387096774,0.5225806451612903,0.6415058724915224
class2_vs_rest,0.14193548387096774,0.532258064516129,0.6379491338271316
class2_vs_rest,0.14838709677419354,0.532258064516129,0.6323824396917642
class2_vs_rest,0.14838709677419354,0.535483870967742,0.6311046702626204
class2_vs_rest,0.15806451612903225,0.535483870967742,0.6256238198427532
class2_vs_rest,0.15806451612903225,0.5387096774193548,0.6252019386106623
class2_vs_rest,0.16129032258064516,0.5387096774193548,0.6241281818035878
class2_vs_rest,0.16129032258064516,0.5451612903225806,0.6206117777897006
class2_vs_rest,0.16451612903225807,0.5451612903225806,0.6150022043768788
class2_vs_rest,0.16451612903225807,0.5483870967741935,0.6140229443835259
class2_vs_rest,0.16774193548387098,0.5483870967741935,0.611149329608212
class2_vs_rest,0.16774193548387098,0.5580645161290323,0.6099210703106736
class2_vs_rest,0.17419354838709677,0.5580645161290323,0.6091783844665652
class2_vs_rest,0.17419354838709677,0.5645161290322581,0.6062729360592888
class2_vs_rest,0.18064516129032257,0.5645161290322581,0.5961228450189285
class2_vs_rest,0.18064516129032257,0.567741935483871,0.5955534274741339
class2_vs_rest,0.19032258064516128,0.567741935483871,0.5893439970504931
class2_vs_rest,0.19032258064516128,0.5709677419354838,0.5889637678234472
class2_vs_rest,0.1935483870967742,0.5709677419354838,0.5857911512618019
class2_vs_rest,0.1935483870967742,0.6129032258064516,0.5604281435108989
class2_vs_rest,0.1967741935483871,0.6129032258064516,0.5560157340392364
class2_vs_rest,0.1967741935483871,0.6161290322580645,0.555950813293794
class2_vs_rest,0.2,0.6161290322580645,0.5530047113690432
class2_vs_rest,0.2,0.6193548387096774,0.5527181171109208
class2_vs_rest,0.2032258064516129,0.6193548387096774,0.5518090439079603
class2_vs_rest,0.2032258064516129,0.635483870967742,0.5451823990711115
class2_vs_rest,0.2129032258064516,0.635483870967742,0.5423332987406585
class2_vs_rest,0.2129032258064516,0.6387096774193548,0.5422738444920037
class2_vs_rest,0.2161290322580645,0.6387096774193548,0.5421168333082229
class2_vs_rest,0.2161290322580645,0.6419354838709678,0.5417154431037366
class2_vs_rest,0.21935483870967742,0.6419354838709678,0.540908078286938
class2_vs_rest,0.21935483870967742,0.6451612903225806,0.5398183178013869
class2_vs_rest,0.22258064516129034,0.6451612903225806,0.5378636769999534
class2_vs_rest,0.22258064516129034,0.6483870967741936,0.5364318735767968
class2_vs_rest,0.22580645161290322,0.6483870967741936,0.5357566311697933
class2_vs_rest,0.22580645161290322,0.6548387096774193,0.5341532954216671
class2_vs_rest,0.22903225806451613,0.6548387096774193,0.5336963587360251
class2_vs_rest,0.22903225806451613,0.6580645161290323,0.5334007505045291
class2_vs_rest,0.23548387096774193,0.6580645161290323,0.5320494065866785
class2_vs_rest,0.23548387096774193,0.6612903225806451,0.5295508565886715
class2_vs_rest,0.23870967741935484,0.6612903225806451,0.5288088172335241
class2_vs_rest,0.23870967741935484,0.667741935483871,0.5137181804750669
class2_vs_rest,0.24193548387096775,0.667741935483871,0.5136104629308534
class2_vs_rest,0.24193548387096775,0.6741935483870968,0.5076252893698919
class2_vs_rest,0.24516129032258063,0.6741935483870968,0.5059417901895874
class2_vs_rest,0.24516129032258063,0.6838709677419355,0.5010382247665914
class2_vs_rest,0.24838709677419354,0.6838709677419355,0.4991103719428599
class2_vs_rest,0.24838709677419354,0.6870967741935484,0.4924259551058703
class2_vs_rest,0.25161290322580643,0.6870967741935484,0.4922066862858644
class2_vs_rest,0.25161290322580643,0.6935483870967742,0.4915032130406331
class2_vs_rest,0.25483870967741934,0.6935483870967742,0.4913685919188813
class2_vs_rest,0.25483870967741934,0.6967741935483871,0.4908882733494409
class2_vs_rest,0.26129032258064516,0.6967741935483871,0.48701754039190276
class2_vs_rest,0.26129032258064516,0.7,0.4855145447537353
class2_vs_rest,0.2645161290322581,0.7,0.47905776623763735
class2_vs_rest,0.2645161290322581,0.7064516129032258,0.4784829107857389
class2_vs_rest,0.2709677419354839,0.7064516129032258,0.47734435129636077
class2_vs_rest,0.2709677419354839,0.7322580645161291,0.4730744362899545
class2_vs_rest,0.27419354838709675,0.7322580645161291,0.4672244360500922
class2_vs_rest,0.27419354838709675,0.7354838709677419,0.46675110955330723
class2_vs_rest,0.27741935483870966,0.7354838709677419,0.46606938964220024
class2_vs_rest,0.27741935483870966,0.7419354838709677,0.46488580625407516
class2_vs_rest,0.2806451612903226,0.7419354838709677,0.4647142055395495
class2_vs_rest,0.2806451612903226,0.7677419354838709,0.4520846987081364
class2_vs_rest,0.2838709677419355,0.7677419354838709,0.45166000017279095
class2_vs_rest,0.2838709677419355,0.7741935483870968,0.4467427323432051
class2_vs_rest,0.2903225806451613,0.7741935483870968,0.44629877967344744
class2_vs_rest,0.2903225806451613,0.7774193548387097,0.44382320274634157
class2_vs_rest,0.29354838709677417,0.7774193548387097,0.4386923857088036
class2_vs_rest,0.29354838709677417,0.7806451612903226,0.43763795102273356
class2_vs_rest,0.3,0.7806451612903226,0.43686342111011145
class2_vs_rest,0.3,0.7903225806451613,0.42461315461530247
class2_vs_rest,0.3032258064516129,0.7903225806451613,0.4192853419232317
class2_vs_rest,0.3032258064516129,0.7967741935483871,0.4165125933141329
class2_vs_rest,0.3096774193548387,0.7967741935483871,0.4158169247562059
class2_vs_rest,0.3096774193548387,0.8161290322580645,0.38953265623995914
class2_vs_rest,0.31290322580645163,0.8161290322580645,0.38886070317666327
class2_vs_rest,0.31290322580645163,0.8387096774193549,0.365654852836548
class2_vs_rest,0.3161290322580645,0.8387096774193549,0.3628379058569438
class2_vs_rest,0.3161290322580645,0.8419354838709677,0.36075996443268676
class2_vs_rest,0.3193548387096774,0.8419354838709677,0.35553238148718436
class2_vs_rest,0.3193548387096774,0.8709677419354839,0.3432160460475207
class2_vs_rest,0.3258064516129032,0.8709677419354839,0.33634153678317624
class2_vs_rest,0.3258064516129032,0.8774193548387097,0.3352833374339592
class2_vs_rest,0.33225806451612905,0.8774193548387097,0.31481432022641315
class2_vs_rest,0.33225806451612905,0.8838709677419355,0.30957708531401856
class2_vs_rest,0.33548387096774196,0.8838709677419355,0.3048227232280873
class2_vs_rest,0.33548387096774196,0.8870967741935484,0.2938374363411606
class2_vs_rest,0.3387096774193548,0.8870967741935484,0.2855461075576814
class2_vs_rest,0.3387096774193548,0.896774193548387,0.2654411968735408
class2_vs_rest,0.3419354838709677,0.896774193548387,0.26502221042558805
class2_vs_rest,0.3419354838709677,0.9,0.2619531365680956
class2_vs_rest,0.34838709677419355,0.9,0.25820138220147154
class2_vs_rest,0.34838709677419355,0.9193548387096774,0.215309240620496
class2_vs_rest,0.35161290322580646,0.9193548387096774,0.21518310111562544
class2_vs_rest,0.35161290322580646,0.9258064516129032,0.19405289180815732
class2_vs_rest,0.3548387096774194,0.9258064516129032,0.18471775505837335
class2_vs_rest,0.3548387096774194,0.9290322580645162,0.18187094724123865
class2_vs_rest,0.3580645161290323,0.9290322580645162,0.18094939324491446
class2_vs_rest,0.3580645161290323,0.932258064516129,0.17320264452323805
class2_vs_rest,0.36774193548387096,0.932258064516129,0.1667051955646658
class2_vs_rest,0.36774193548387096,0.9419354838709677,0.14963200162577206
class2_vs_rest,0.3709677419354839,0.9419354838709677,0.14846808464139205
class2_vs_rest,0.3709677419354839,0.9451612903225807,0.14835114380597836
class2_vs_rest,0.3741935483870968,0.9451612903225807,0.1469268417978882
class2_vs_rest,0.3741935483870968,0.9483870967741935,0.1421647819063005
class2_vs_rest,0.3903225806451613,0.9483870967741935,0.12520995627631756
class2_vs_rest,0.3903225806451613,0.9516129032258065,0.11954765751211632
class2_vs_rest,0.3935483870967742,0.9516129032258065,0.11681746495120549
class2_vs_rest,0.3935483870967742,0.9580645161290322,0.10273804131513002
class2_vs_rest,0.42258064516129035,0.9580645161290322,0.08064759027578043
class2_vs_rest,0.42258064516129035,0.9612903225806452,0.07988785878738813
class2_vs_rest,0.432258064516129,0.9612903225806452,0.0685495697604142
class2_vs_rest,0.432258064516129,0.9709677419354839,0.05971371546289323
class2_vs_rest,0.4483870967741935,0.9709677419354839,0.05385686983721247
class2_vs_rest,0.4483870967741935,0.9741935483870968,0.051696284329563816
class2_vs_rest,0.4870967741935484,0.9741935483870968,0.04968241360923226
class2_vs_rest,0.4870967741935484,0.9806451612903225,0.04951764960254845
class2_vs_rest,0.5032258064516129,0.9806451612903225,0.047123954717671016
class2_vs_rest,0.5032258064516129,0.9838709677419355,0.046849757673667204
class2_vs_rest,0.5161290322580645,0.9838709677419355,0.04168528904094964
class2_vs_rest,0.5225806451612903,0.9838709677419355,0.039971439102449845
class2_vs_rest,0.532258064516129,0.9838709677419355,0.03947575323317373
class2_vs_rest,0.532258064516129,0.9870967741935484,0.03934981502169931
class2_vs_rest,0.5419354838709678,0.9870967741935484,0.037873756424674714
class2_vs_rest,0.5419354838709678,0.9903225806451613,0.03780058348086951
class2_vs_rest,0.5516129032258065,0.9903225806451613,0.03651147502761032
class2_vs_rest,0.5516129032258065,0.9935483870967742,0.03618010867087807
class2_vs_rest,0.6161290322580645,0.9935483870967742,0.02414772134312365
class2_vs_rest,0.6161290322580645,0.9967741935483871,0.022617124394184167
class2_vs_rest,0.864516129032258,0.9967741935483871,0.006078796512012146
class2_vs_rest,0.864516129032258,1.0,0.006036983127158223
class2_vs_rest,0.896774193548387,1.0,0.0021024311549035874
class2_vs_rest,1.0,1.0,-5e-324
class0_vs_rest,0.0,0.0,inf
class0_vs_rest,0.0,0.013333333333333334,0.9934960060357405
class0_vs_rest,0.003669724770642202,0.013333333333333334,0.9934958901489916
class0_vs_rest,0.003669724770642202,0.08,0.9930764361820402
class0_vs_rest,0.007339449541284404,0.08,0.9930762477731181
class0_vs_rest,0.007339449541284404,0.13333333333333333,0.9928247439392638
class0_vs_rest,0.009174311926605505,0.14666666666666667,0.9928247262965004
class0_vs_rest,0.009174311926605505,0.25333333333333335,0.9171052100833987
class0_vs_rest,0.011009174311926606,0.25333333333333335,0.9053311196853553
class0_vs_rest,0.011009174311926606,0.28,0.8675465573655831
class0_vs_rest,0.011009174311926606,0.30666666666666664,0.8212272133822239
class0_vs_rest,0.012844036697247707,0.30666666666666664,0.8093809329981422
class0_vs_rest,0.012844036697247707,0.4,0.7362344676816385
class0_vs_rest,0.012844036697247707,0.4266666666666667,0.7343991355203714
class0_vs_rest,0.012844036697247707,0.4666666666666667,0.6922784692850756
class0_vs_rest,0.014678899082568808,0.4666666666666667,0.686418917937279
class0_vs_rest,0.014678899082568808,0.5066666666666667,0.6429504060902471
class0_vs_rest,0.01651376146788991,0.5066666666666667,0.6396659032955005
class0_vs_rest,0.01651376146788991,0.5333333333333333,0.5359633765442096
class0_vs_rest,0.01834862385321101,0.5333333333333333,0.5054659002038033
class0_vs_rest,0.01834862385321101,0.5466666666666666,0.49967135191778006
class0_vs_rest,0.022018348623853212,0.5466666666666666,0.4534440490854291
class0_vs_rest,0.022018348623853212,0.56,0.4269325869308753
class0_vs_rest,0.025688073394495414,0.56,0.420032310177706
class0_vs_rest,0.04220183486238532,0.56,0.3570274636510501
class0_vs_rest,0.04220183486238532,0.5733333333333334,0.3447821027692255
class0_vs_rest,0.045871559633027525,0.5733333333333334,0.33117932148626816
class0_vs_rest,0.045871559633027525,0.5866666666666667,0.3269715666897332
class0_vs_rest,0.05688073394495413,0.5866666666666667,0.27226395087956423
class0_vs_rest,0.05688073394495413,0.6,0.26402769791507985
class0_vs_rest,0.062385321100917435,0.6,0.2561330689374904
class0_vs_rest,0.062385321100917435,0.6266666666666667,0.24718382557089502
class0_vs_rest,0.06422018348623854,0.6266666666666667,0.2274717362220305
class0_vs_rest,0.06422018348623854,0.64,0.22182711071966338
class0_vs_rest,0.06605504587155964,0.64,0.22132471728594508
class0_vs_rest,0.06605504587155964,0.6533333333333333,0.21710638325827092
class0_vs_rest,0.06788990825688074,0.6533333333333333,0.2141457208376023
class0_vs_rest,0.06788990825688074,0.6666666666666666,0.21390370252811056
class0_vs_rest,0.08073394495412844,0.6666666666666666,0.1837995216182529
class0_vs_rest,0.08073394495412844,0.6933333333333334,0.17676809672319718
class0_vs_rest,0.08256880733944955,0.6933333333333334,0.17402579140879448
class0_vs_rest,0.08256880733944955,0.7066666666666667,0.17203576231988146
class0_vs_rest,0.08623853211009175,0.7066666666666667,0.16962843295638125
class0_vs_rest,0.09357798165137615,0.7066666666666667,0.15993537964458804
class0_vs_rest,0.09357798165137615,0.72,0.15987663386694081
class0_vs_rest,0.10458715596330276,0.72,0.15519249283839592
class0_vs_rest,0.10458715596330276,0.7333333333333333,0.14789021755252493
class0_vs_rest,0.10642201834862386,0.7333333333333333,0.14407074893447722
class0_vs_rest,0.10642201834862386,0.7466666666666667,0.14193090737666403
class0_vs_rest,0.11009174311926606,0.7466666666666667,0.13831139746385065
class0_vs_rest,0.11009174311926606,0.76,0.13637621302440364
class0_vs_rest,0.11376146788990826,0.76,0.1346432730961418
class0_vs_rest,0.11376146788990826,0.7866666666666666,0.13400672067889646
class0_vs_rest,0.11926605504587157,0.7866666666666666,0.12945313305605935
class0_vs_rest,0.11926605504587157,0.8,0.12754104858088489
class0_vs_rest,0.12293577981651377,0.8,0.12526942334801947
class0_vs_rest,0.12293577981651377,0.8266666666666667,0.12477596299565588
class0_vs_rest,0.13394495412844037,0.8266666666666667,0.11605816808272869
class0_vs_rest,0.13394495412844037,0.8533333333333334,0.11466382692567864
class0_vs_rest,0.13577981651376148,0.8533333333333334,0.11462983890007454
class0_vs_rest,0.13577981651376148,0.8666666666666667,0.11458866641377365
class0_vs_rest,0.15045871559633028,0.8666666666666667,0.11211155513986942
class0_vs_rest,0.15045871559633028,0.8933333333333333,0.10536892659731188
class0_vs_rest,0.1577981651376147,0.8933333333333333,0.1019291499357527
class0_vs_rest,0.1577981651376147,0.92,0.09662630334799108
class0_vs_rest,0.163302752293578,0.92,0.09173164355777003
class0_vs_rest,0.163302752293578,0.9333333333333333,0.08375194110512081
class0_vs_rest,0.1688073394495413,0.9333333333333333,0.07965589921519348
class0_vs_rest,0.1724770642201835,0.9333333333333333,0.07743962521718246
class0_vs_rest,0.1889908256880734,0.9333333333333333,0.07147902720228688
class0_vs_rest,0.1926605504587156,0.9333333333333333,0.07087618639576475
class0_vs_rest,0.4036697247706422,0.9333333333333333,0.0306282070422228
class0_vs_rest,0.4073394495412844,0.9333333333333333,0.03059967706408452
class0_vs_rest,0.5357798165137615,0.9333333333333333,0.029831666278184264
class0_vs_rest,0.5357798165137615,0.9466666666666667,0.029825536614634825
class0_vs_rest,0.5577981651376147,0.9466666666666667,0.029661928683131427
class0_vs_rest,0.5577981651376147,0.96,0.029654311674750137
class0_vs_rest,0.618348623853211,0.96,0.029376493688583014
class0_vs_rest,0.618348623853211,0.9733333333333334,0.029372257009364935
class0_vs_rest,0.7137614678899082,0.9733333333333334,0.02686084125100097
class0_vs_rest,0.7137614678899082,0.9866666666666667,0.026832517740938817
class0_vs_rest,0.7779816513761468,0.9866666666666667,0.02477518818227039
class0_vs_rest,0.7779816513761468,1.0,0.024772757017658204
class0_vs_rest,0.8,1.0,0.024387822620609026
class0_vs_rest,0.8036697247706422,1.0,0.02438275769433207
class0_vs_rest,1.0,1.0,0.022113589541714013
