target,model,n_features,r2_mean,r2_std,mae_mean,mae_std,rmse_mean,rmse_std,n_folds
GPR3mm,Dummy,5,-0.1505,0.3311,1.1527,0.2148,1.7316,0.4517,25
GPR3mm,Ridge,5,0.199,0.4508,0.9306,0.2001,1.3887,0.3797,25
GPR3mm,SVR,5,0.6139,0.2599,0.5823,0.1715,0.9578,0.3879,25
GPR3mm,RandomForest,5,0.6406,0.2827,0.5325,0.1618,0.9074,0.4512,25
GPR3mm,XGBoost,5,0.4505,0.7234,0.5221,0.1715,1.0132,0.4658,25
GPR3mm,MLP,5,0.5875,0.2676,0.6296,0.1587,0.9771,0.3728,25
GPR3mm,Dummy,10,-0.1505,0.3311,1.1527,0.2148,1.7316,0.4517,25
GPR3mm,Ridge,10,0.3458,0.4624,0.8846,0.2126,1.2226,0.4212,25
GPR3mm,SVR,10,0.5972,0.2754,0.6033,0.1808,0.9766,0.4178,25
GPR3mm,RandomForest,10,0.6689,0.2413,0.5287,0.156,0.8765,0.4232,25
GPR3mm,XGBoost,10,0.5781,0.3666,0.5293,0.1724,0.9571,0.4352,25
GPR3mm,MLP,10,0.4322,0.5458,0.6694,0.1861,1.0724,0.3922,25
GPR3mm,Dummy,15,-0.1505,0.3311,1.1527,0.2148,1.7316,0.4517,25
GPR3mm,Ridge,15,0.214,0.5424,0.9528,0.1923,1.3374,0.3919,25
GPR3mm,SVR,15,0.6191,0.262,0.604,0.1672,0.9556,0.4014,25
GPR3mm,RandomForest,15,0.6303,0.2682,0.5575,0.158,0.9215,0.4365,25
GPR3mm,XGBoost,15,0.5755,0.3577,0.5173,0.1528,0.9553,0.4334,25
GPR3mm,MLP,15,0.4662,0.5245,0.6928,0.1563,1.0731,0.3559,25
GPR3mm,Dummy,31,-0.1505,0.3311,1.1527,0.2148,1.7316,0.4517,25
GPR3mm,Ridge,31,0.3443,0.4723,0.8812,0.177,1.21,0.3417,25
GPR3mm,SVR,31,0.5975,0.2663,0.6058,0.1546,0.9715,0.3981,25
GPR3mm,RandomForest,31,0.616,0.2639,0.5876,0.1544,0.9455,0.4231,25
GPR3mm,XGBoost,31,0.4626,0.5517,0.567,0.1473,1.0169,0.3877,25
GPR3mm,MLP,31,0.39,0.4494,0.7763,0.1877,1.1645,0.3865,25
GPR2mm,Dummy,5,-0.0665,0.1076,4.1716,0.4282,5.3504,0.9227,25
GPR2mm,Ridge,5,0.4208,0.1721,2.6041,0.4528,3.8908,0.7997,25
GPR2mm,SVR,5,0.5078,0.1885,2.3159,0.4843,3.5457,0.7882,25
GPR2mm,RandomForest,5,0.5614,0.236,2.1796,0.4458,3.2704,0.8234,25
GPR2mm,XGBoost,5,0.4993,0.2939,2.2867,0.4766,3.4583,0.8787,25
GPR2mm,MLP,5,0.3644,0.6901,2.4104,0.7664,3.7549,1.5088,25
GPR2mm,Dummy,10,-0.0665,0.1076,4.1716,0.4282,5.3504,0.9227,25
GPR2mm,Ridge,10,0.4388,0.1851,2.6627,0.4953,3.7992,0.7465,25
GPR2mm,SVR,10,0.5443,0.236,2.3142,0.4675,3.3854,0.8136,25
GPR2mm,RandomForest,10,0.5926,0.2337,2.1363,0.5002,3.1635,0.9107,25
GPR2mm,XGBoost,10,0.5686,0.31,2.1723,0.4583,3.1867,0.8576,25
GPR2mm,MLP,10,0.3515,0.3677,2.7967,0.6879,3.9833,1.1357,25
GPR2mm,Dummy,15,-0.0665,0.1076,4.1716,0.4282,5.3504,0.9227,25
GPR2mm,Ridge,15,0.4044,0.2015,2.7373,0.5085,3.9043,0.7746,25
GPR2mm,SVR,15,0.5999,0.1993,2.1783,0.4297,3.1678,0.8434,25
GPR2mm,RandomForest,15,0.5833,0.2478,2.1605,0.5369,3.164,0.9559,25
GPR2mm,XGBoost,15,0.6026,0.2368,2.121,0.4949,3.107,0.8909,25
GPR2mm,MLP,15,0.2862,0.4397,2.8745,0.6368,4.1299,1.0891,25
GPR2mm,Dummy,31,-0.0665,0.1076,4.1716,0.4282,5.3504,0.9227,25
GPR2mm,Ridge,31,0.4465,0.2927,2.639,0.5064,3.6852,0.8788,25
GPR2mm,SVR,31,0.613,0.2303,2.0796,0.4816,3.0675,0.9208,25
GPR2mm,RandomForest,31,0.5654,0.2676,2.1922,0.5192,3.2262,0.9758,25
GPR2mm,XGBoost,31,0.59,0.2448,2.1103,0.4922,3.1686,0.8784,25
GPR2mm,MLP,31,0.5038,0.2975,2.4401,0.6589,3.4686,1.1157,25
GPR1mm,Dummy,5,-0.0428,0.0521,12.175,1.3178,14.245,1.4518,25
GPR1mm,Ridge,5,0.4746,0.1664,7.984,1.4911,10.0148,2.034,25
GPR1mm,SVR,5,0.4324,0.1734,8.0903,1.2394,10.3595,1.5897,25
GPR1mm,RandomForest,5,0.4754,0.1728,8.0573,1.2907,9.978,1.836,25
GPR1mm,XGBoost,5,0.4105,0.192,8.2065,1.2518,10.564,1.8385,25
GPR1mm,MLP,5,-0.4462,1.2857,10.2854,2.1432,15.5973,5.8553,25
GPR1mm,Dummy,10,-0.0428,0.0521,12.175,1.3178,14.245,1.4518,25
GPR1mm,Ridge,10,0.4585,0.1679,8.1258,1.4634,10.1657,2.0262,25
GPR1mm,SVR,10,0.4642,0.1627,7.9027,1.2018,10.0771,1.6208,25
GPR1mm,RandomForest,10,0.5609,0.1479,7.2199,1.2786,9.1402,1.7278,25
GPR1mm,XGBoost,10,0.5318,0.157,7.0354,1.268,9.4336,1.9244,25
GPR1mm,MLP,10,-0.0834,0.5053,10.1772,2.2847,14.1578,3.5017,25
GPR1mm,Dummy,15,-0.0428,0.0521,12.175,1.3178,14.245,1.4518,25
GPR1mm,Ridge,15,0.4164,0.2108,8.34,1.4931,10.5127,2.1664,25
GPR1mm,SVR,15,0.4707,0.1641,7.8551,1.1675,10.0267,1.6811,25
GPR1mm,RandomForest,15,0.5626,0.1486,7.1139,1.3327,9.1375,1.8669,25
GPR1mm,XGBoost,15,0.5313,0.1639,6.9894,1.2864,9.4233,1.9868,25
GPR1mm,MLP,15,-0.1045,0.6121,10.4413,2.1641,14.1763,3.7093,25
GPR1mm,Dummy,31,-0.0428,0.0521,12.175,1.3178,14.245,1.4518,25
GPR1mm,Ridge,31,0.3045,0.3482,8.6115,1.5872,11.3017,2.6093,25
GPR1mm,SVR,31,0.5086,0.1584,7.4225,1.1678,9.6265,1.5607,25
GPR1mm,RandomForest,31,0.5474,0.1671,7.1373,1.2978,9.2413,1.864,25
GPR1mm,XGBoost,31,0.5184,0.1596,7.0495,1.1571,9.5517,1.8858,25
GPR1mm,MLP,31,0.2199,0.2852,9.0706,2.236,12.1584,2.8496,25
