target,model,n_features,fold,mae_infold_selection,r2_infold_selection,mae_step6,r2_step6,delta_mae,delta_r2,selected_features
GPR3mm,XGBoost,15,0,0.497418,0.764921,0.471649,0.7878,0.025769,-0.022879,LSV;ArcCheck;LTMCS;Fx;SAS20;AAV;Diff(RadCalc);AvgEquPathLength;CTV;PI;ModFactor;CP;MU;Rx;Energy_10
GPR3mm,XGBoost,15,1,0.406224,0.479747,0.402506,0.505081,0.003718,-0.025334,PA_cm2;AvgFieldSize;LT;ArcCheck;ModFactor;Gan;MU;Diff(RadCalc);Fx;Rx;CTV;PI;CP;SAS5;EM
GPR3mm,XGBoost,15,2,0.277414,0.954958,0.3144,0.948256,-0.036986,0.006701,LSV;ArcCheck;AvgFieldSize;PMU;PTV;Diff(RadCalc);LT;AAV;Dose;ALPO(RadCalc);SAS5;AvgDep;Gan;PI;Rx
GPR3mm,XGBoost,15,3,0.899817,0.476827,0.823378,0.573004,0.07644,-0.096177,PA_cm2;ArcCheck;LTMCS;Diff(RadCalc);PTV;PI;AvgFieldSize;SAS5;AAV;ModFactor;Gan;AvgEquPathLength;EM;Energy_10;Fx
GPR3mm,XGBoost,15,4,0.670237,0.119847,0.557215,0.227538,0.113022,-0.107692,PA_cm2;ArcCheck;AvgFieldSize;Diff(RadCalc);Gan;SAS20;SAS5;PTV;PMU;PI;Energy_6;MU;AAV;Fx;Rx
GPR3mm,XGBoost,15,5,0.375746,0.455566,0.343725,0.491342,0.032021,-0.035776,PA_cm2;ArcCheck;AvgFieldSize;PTV;LT;Diff(RadCalc);ModFactor;PI;MU;Gan;Dose;AAV;AvgDep;CP;AFW
GPR3mm,XGBoost,15,6,1.041527,0.399907,0.960541,0.434103,0.080986,-0.034195,PA_cm2;ArcCheck;AvgFieldSize;LTMCS;Diff(RadCalc);EM;CTV;SAS5;ModFactor;AAV;Energy_10;Gan;AvgEquPathLength;MU;Dose
GPR3mm,XGBoost,15,7,0.381956,0.8974,0.356912,0.909777,0.025044,-0.012377,PA_cm2;ArcCheck;AvgFieldSize;LT;PTV;ModFactor;MU;AFW;SAS5;Diff(RadCalc);Dose;Energy_10;PI;AvgEquPathLength;Gan
GPR3mm,XGBoost,15,8,0.293914,0.965257,0.518691,0.802369,-0.224776,0.162888,PA_cm2;ModFactor;Diff(RadCalc);LT;SAS20;ArcCheck;PI;Dose;MCSv(Python);CTV;AvgFieldSize;SAS5;MU;Gan;AvgDep
GPR3mm,XGBoost,15,9,0.535468,-0.502735,0.520859,-0.629177,0.014609,0.126441,PA_cm2;ArcCheck;AvgFieldSize;PTV;LT;PI;ModFactor;Rx;AAV;AFW;Gan;SAS5;Diff(RadCalc);Energy_10;Fx
GPR3mm,XGBoost,15,10,0.411778,0.913886,0.334314,0.94222,0.077464,-0.028334,PA_cm2;ArcCheck;AvgFieldSize;Diff(RadCalc);LTMCS;PI;CTV;SAS20;PMU;AAV;Dose;AvgEquPathLength;SAS5;MU;Rx
GPR3mm,XGBoost,15,11,0.531027,0.789374,0.570936,0.768207,-0.039909,0.021167,PA_cm2;ArcCheck;AvgFieldSize;ModFactor;PTV;Gan;LT;Fx;Diff(RadCalc);ALPO(RadCalc);SAS5;Rx;AvgDep;MU;Energy_6
GPR3mm,XGBoost,15,12,0.635752,0.337088,0.669213,0.379376,-0.033461,-0.042288,PA_cm2;ArcCheck;AvgFieldSize;Gan;PMU;AAV;LTMCS;Diff(RadCalc);SAS5;Energy_6;PTV;MU;Fx;PI;AvgEquPathLength
GPR3mm,XGBoost,15,13,0.576068,0.381807,0.555486,0.403626,0.020583,-0.021818,PA_cm2;ArcCheck;AvgFieldSize;SAS5;LT;PTV;Diff(RadCalc);ModFactor;AAV;AFW;PI;Energy_10;Fx;Gan;CP
GPR3mm,XGBoost,15,14,0.746094,0.090956,0.530588,0.293846,0.215506,-0.20289,PA_cm2;ArcCheck;LT;ModFactor;PI;PTV;Dose;AAV;Rx;Diff(RadCalc);AvgEquPathLength;Gan;Energy_10;EM;SAS5
GPR3mm,XGBoost,15,15,0.663162,0.650347,0.614934,0.601589,0.048228,0.048758,PA_cm2;ArcCheck;AvgFieldSize;Diff(RadCalc);SAS20;PI;AAV;Gan;CTV;Energy_10;SAS5;Fx;MU;ModFactor;Rx
GPR3mm,XGBoost,15,16,0.750117,0.305675,0.383395,0.902159,0.366722,-0.596484,LSV;ArcCheck;LTMCS;AvgFieldSize;Diff(RadCalc);PTV;PI;SAS20;Dose;ModFactor;AAV;Energy_10;Gan;Rx;AvgEquPathLength
GPR3mm,XGBoost,15,17,0.44033,0.888171,0.492027,0.868749,-0.051697,0.019423,PA_cm2;AvgFieldSize;ModFactor;LTi;Diff(RadCalc);ArcCheck;PI;CTV;MU;AFW;SAS5;Gan;AvgEquPathLength;MCSv(Python);Dose
GPR3mm,XGBoost,15,18,0.299047,0.927147,0.39879,0.864531,-0.099744,0.062616,LSV;ArcCheck;LT;AvgFieldSize;CTV;Fx;MCSv(Python);ModFactor;Rx;Diff(RadCalc);PI;AvgDep;EM;Gan;MU
GPR3mm,XGBoost,15,19,0.613848,-0.010453,0.540141,0.010567,0.073707,-0.02102,PA_cm2;AvgFieldSize;ArcCheck;PTV;LT;PI;ModFactor;Dose;SAS5;Energy_10;Gan;Diff(RadCalc);Rx;AvgEquPathLength;AFW
GPR3mm,XGBoost,15,20,0.412053,0.839156,0.401328,0.849161,0.010725,-0.010005,PA_cm2;Diff(RadCalc);LT;ArcCheck;PTV;PI;ALPO(RadCalc);ModFactor;MU;AAV;Gan;SAS10;Rx;Fx;AvgEquPathLength
GPR3mm,XGBoost,15,21,0.674873,0.456598,0.608901,0.481956,0.065972,-0.025357,PA_cm2;ArcCheck;AvgFieldSize;Diff(RadCalc);LTMCS;PI;CTV;AAV;SAS5;Fx;ModFactor;Gan;Rx;SAS20;AvgDep
GPR3mm,XGBoost,15,22,0.407768,0.905669,0.378094,0.908726,0.029674,-0.003056,PA_cm2;ArcCheck;AvgFieldSize;LT;PTV;PI;AFW;SAS5;CP;Diff(RadCalc);MCSv(Python);AvgEquPathLength;Energy_10;Dose;MU
GPR3mm,XGBoost,15,23,0.604996,0.484279,0.591187,0.480414,0.01381,0.003866,PA_cm2;AvgFieldSize;ArcCheck;Diff(RadCalc);PTV;AAV;LTMCS;SAS5;AFW;ModFactor;Gan;Rx;Dose;Energy_6;PI
GPR3mm,XGBoost,15,24,0.619781,0.550124,0.592204,0.581222,0.027577,-0.031098,PA_cm2;ArcCheck;AvgFieldSize;Diff(RadCalc);Gan;CTV;LTMCS;SAS5;PMU;AvgEquPathLength;SAS20;AAV;Dose;Energy_6;MU
GPR2mm,SVR,10,0,1.974921,0.747785,1.858648,0.790153,0.116272,-0.042368,LSV;ArcCheck;Gan;PI;ModFactor;LT;CTV;ALPO(RadCalc);AvgEquPathLength;Dose
GPR2mm,SVR,10,1,1.823077,0.493199,1.532647,0.611674,0.290429,-0.118475,ArcCheck;LSV;ModFactor;LT;PI;Gan;Rx;CTV;Diff(RadCalc);EM
GPR2mm,SVR,10,2,2.150625,0.566797,2.091518,0.619928,0.059107,-0.053131,LSV;ArcCheck;AvgFieldSize;Gan;ModFactor;PI;AFW;LT;Dose;PTV
GPR2mm,SVR,10,3,3.353071,0.304848,3.239109,0.423694,0.113963,-0.118846,ArcCheck;PA_cm2;AvgFieldSize;Gan;PI;LTi;Diff(RadCalc);PTV;Rx;AvgEquPathLength
GPR2mm,SVR,10,4,2.456577,0.495715,2.135231,0.617538,0.321346,-0.121823,ArcCheck;LSV;ModFactor;Diff(RadCalc);PI;AFW;CTV;Dose;Gan;AAV
GPR2mm,SVR,10,5,2.037552,0.519229,1.896342,0.561169,0.14121,-0.041939,ArcCheck;LSV;PI;ModFactor;LT;Rx;AFW;Dose;Diff(RadCalc);Gan
GPR2mm,SVR,10,6,3.613621,0.24559,3.239039,0.44107,0.374582,-0.19548,ArcCheck;LSV;PI;AAV;EM;Gan;Energy_10;PTV;ModFactor;Diff(RadCalc)
GPR2mm,SVR,10,7,2.008429,0.724968,2.477404,0.574853,-0.468975,0.150115,ArcCheck;LSV;LT;Gan;PI;Diff(RadCalc);Fx;ModFactor;SAS10;AFW
GPR2mm,SVR,10,8,2.79007,0.535178,2.354293,0.680368,0.435777,-0.14519,ArcCheck;LSV;PI;AvgFieldSize;CTV;LTi;Dose;Gan;ModFactor;SAS10
GPR2mm,SVR,10,9,1.800966,0.649942,1.537972,0.709666,0.262994,-0.059724,ArcCheck;LSV;PI;LTMCS;AvgFieldSize;CTV;ModFactor;Rx;Diff(RadCalc);Gan
GPR2mm,SVR,10,10,2.42696,0.706563,2.611849,0.549522,-0.184889,0.157041,ArcCheck;LSV;PI;LTMCS;AvgFieldSize;ModFactor;SAS10;Rx;Dose;CTV
GPR2mm,SVR,10,11,2.034522,0.619081,2.445962,0.497437,-0.411439,0.121644,PA_cm2;ArcCheck;PI;LTMCS;AvgFieldSize;Gan;AAV;Fx;ModFactor;MU
GPR2mm,SVR,10,12,2.408328,0.437505,2.525934,0.547727,-0.117606,-0.110222,LSV;ArcCheck;ModFactor;PTV;AvgFieldSize;PI;Diff(RadCalc);AAV;LT;Dose
GPR2mm,SVR,10,13,1.890132,0.618711,1.88548,0.623334,0.004652,-0.004623,ArcCheck;LSV;LT;ModFactor;PI;Gan;AFW;CTV;Rx;Diff(RadCalc)
GPR2mm,SVR,10,14,2.065932,0.691293,2.090678,0.707873,-0.024746,-0.01658,ArcCheck;LSV;PI;CTV;Gan;ModFactor;Rx;AAV;LT;AvgEquPathLength
GPR2mm,SVR,10,15,2.81834,0.545391,2.888532,0.505416,-0.070192,0.039975,ArcCheck;LSV;PI;Diff(RadCalc);SAS20;AAV;PMU;MU;Gan;Energy_10
GPR2mm,SVR,10,16,3.193849,-0.393621,2.852124,-0.164299,0.341725,-0.229323,LSV;ArcCheck;AvgFieldSize;LTMCS;PTV;PI;AFW;Diff(RadCalc);Rx;SAS10
GPR2mm,SVR,10,17,2.704515,0.566157,2.658386,0.603116,0.04613,-0.036959,LSV;ArcCheck;ModFactor;PI;Gan;LT;Rx;SAS5;Diff(RadCalc);AFW
GPR2mm,SVR,10,18,2.288908,0.581755,1.674069,0.836322,0.614839,-0.254567,ArcCheck;LSV;AvgFieldSize;ModFactor;PI;Gan;LT;MCSv(Python);AvgEquPathLength;SAS20
GPR2mm,SVR,10,19,2.078164,0.434198,2.513907,0.37454,-0.435743,0.059658,ArcCheck;PA_cm2;AvgFieldSize;CTV;Gan;PI;LT;ModFactor;MU;Rx
GPR2mm,SVR,10,20,2.222778,0.683686,1.983692,0.664984,0.239085,0.018702,ArcCheck;LSV;ModFactor;PI;Gan;LT;Diff(RadCalc);Rx;AFW;CTV
GPR2mm,SVR,10,21,2.112923,0.680115,2.147404,0.67541,-0.03448,0.004705,ArcCheck;PA_cm2;AvgFieldSize;LT;Gan;CTV;PI;Diff(RadCalc);ModFactor;EM
GPR2mm,SVR,10,22,2.565906,0.501612,2.56116,0.518835,0.004746,-0.017223,LSV;ArcCheck;AvgFieldSize;PI;Gan;CTV;ModFactor;SAS20;Dose;SAS5
GPR2mm,SVR,10,23,2.566555,-0.177393,2.499318,-0.126905,0.067237,-0.050488,LSV;ArcCheck;AvgFieldSize;PI;Diff(RadCalc);Gan;ModFactor;PTV;LT;AAV
GPR2mm,SVR,10,24,2.598902,0.524988,2.15497,0.764829,0.443932,-0.239841,LSV;ArcCheck;ModFactor;PI;AAV;PTV;Diff(RadCalc);Dose;EM;LT
